0	繁體中文
1	警察
2	醫生
3	你哪裡也不能去
4	不營業
5	股市週末休市。
6	銀行週末不營業。
7	我們準備為你提供貸款#{global.summa}，利率為 <bankpro>%#將每月從你賬戶中扣除所需金額。
8	銀行
9	幸福
10	舒適
11	壓力
12	個人開支
13	治療費用
14	昨日花費～
15	你被拘留了
16	國家提供
17	遊戲結束
18	你的房產：
19	租房（每天 1 萬日元）
20	你的車輛：
21	財產：
22	收入：
23	支出：
24	利潤：
25	所得稅
26	債務：
27	主頁
28	走勢圖
29	交易所
30	股市
31	設施
32	顧問
33	房產
34	車輛
35	賣房後
36	賣車後
37	出售
38	購買
39	你想以此價格出售你的車嗎？
40	你想購買這輛車嗎？
41	你的餘額不足。
42	你想以此價格出售你的房產嗎？
43	你想購買這個嗎？
44	沒有車輛
45	二手輕型車
46	輕型車
47	二手小型車
48	小型車
49	中型車
50	商務車
51	高階車
52	沒有房產
53	單間公寓 1R——小型單間公寓
54	單間公寓 1K——帶公共廚房
55	單間公寓 1D——帶獨立廚房
56	公寓 1DK——帶大廚房
57	公寓 1LDK——一室一廳
58	公寓 2LDK——兩室一廳
59	公寓 3LDK——三室一廳
60	住宅 3LDK——獨棟三室一廳
61	住宅 4LDK——兩層四室一廳
62	豪宅 5LDK——鄉間大豪宅
63	恭喜你，你的健康狀況良好！
64	破產
65	銀行拍賣了你的車輛 <car_name>，你獲得了 {prpr}。
66	銀行拍賣了你的房產 <name_house>，你獲得了 {prpr}。
67	你不得不賣掉 <pepe2> 等所有公司的股票以換取 {iz} 來償還債務。
68	你無法還清債務。遊戲結束。
69	你自由了。歡迎重獲自由！
70	你在外面過了一夜，染上了肺炎。立即去醫院！
71	朋友
72	嗨，謝謝你借錢給我！我會多還 <momomo>% 給你！
73	電話響了，你要接嗎？
74	極道
75	你不能就這樣金蟬脫殼。很遺憾，我們不再需要你了。再見。
76	新聞
77	著名企業家 <global.myname> 被發現死於家中。據信，他參與了毒品生意，併為此付出了代價.
78	實不相瞞，我是來殺你的。但我今天心情不錯，所以給你一個機會，讓你能花錢消災。#只要——{global.vykup}。#你同意嗎？
79	法庭
80	今天對你的案件進行了審判。你被判無罪。作為受害者，你只需支付小額罰款——{shtraff}。
81	今天對你的案件進行了審判。你被判有罪，並處罰款——{shtraff}。
82	今天對你的案件進行了審判。你被判為主犯。你的所有財產將被沒收，並將在兩年內開始服刑。
83	新年快樂！
84	聖誕快樂！
85	神秘公司 <compppp> 損失慘重。接下來會發生什麼？
86	神秘公司 <compppp> 已宣佈破產。我們對所有股東深表同情。
87	醜聞
88	<scandal> 的奇怪傳言導致股價急劇變化。
89	月度報告
90	納稅：
91	還債：
92	喜報！
93	總計：
94	股息報告
95	你有嚴重的健康問題！我們會把你送進醫院，直到你完全康復。
96	你最近壓力太大。如果你繼續生活在壓力之下，將不可避免地導致健康問題。
97	我們發現你的賬戶有可疑交易。經審查，已確認所收資金的非法來源。##懲罰——
98	政府決定改變所得稅稅率。現在為 <nalogtext>%。
99	你因在錯誤的地方停車而被罰款——{shtraf}。
100	壞訊息
101	你的錢包被偷了。還好沒那麼多錢——{shtraf}。
102	電話
103	我們願意以折扣價向你提供我們的股份。我們希望不要大張旗鼓，以免引起投資者的恐慌。#我們以 {cena2} 的價格向你提供 <colich> 股票（證券交易所價格：{cena1}）。#你準備好簽署所有必要檔案了嗎？
104	媽媽
105	如果問題能解決，就不必擔心；如果不能解決，擔心也沒用。
106	一位鄰居打電話來，讓你晚上不要大聲敲擊鍵盤。
107	匿名電話
108	匿名調查
109	為什麼鞋分左右，襪子卻不分？
110	音樂會
111	你在最喜歡的流行歌手的演唱會上度過了一段美好時光。
112	哇！
113	你中獎了！
114	信件
115	你的遠房親戚去世了。根據他的遺囑，你將獲得 {shtraf}。
116	我們遺憾地通知你，你的叔叔去世了。他為你留下了 {shtraf}。
117	我們遺憾地通知你，你的曾祖父去世了。根據他的遺囑，你將獲得 {shtraf}。
118	我們遺憾地通知你，你的曾祖母去世了。根據她的遺囑，你將獲得 {shtraf}。
119	我在還舊債！##Kazuhara.  {shtraf}
120	根據一項全國調查，<cats>被評為最可愛的動物！
121	貓貓
122	狗狗
123	鸚鵡
124	大熊貓
125	考拉
126	小狐狸
127	海豹
128	羊駝
129	寺廟
130	你在寺廟裡祈禱，心平氣和。
131	郵差
132	你收到了訂購遊戲機的發票——
133	管道工
134	看來你這裡漏水了。修理費用為 {shtraf}。
135	更新
136	為了讓你的電腦正常工作，你需要新的硬體。這將花費 {shtraf}。
137	驚喜
138	你在地上撿到了一張 {shtraf} 的鈔票。
139	問題
140	看來你的電腦壞了。修理費用為 {shtraf}。
141	週末
142	奇蹟
143	<companynm> 公司釋出的產品大獲成功，並獲得了豐厚利潤。公司股票在股市上大幅上漲。
144	<companynm> 的部分董事想出了一個巧妙的計劃來欺騙董事會。他們以較低的價格發行了新股，並降低了所有股東的持股比例。
145	重大新聞!
146	<companynm> 公司的一位大股東決定賣出他的股票，使得股價下跌。
147	你因在 <companname> 協助與教唆販毒而被捕。
148	警方清查了一家違法公司 <companname>。警方正在調查涉嫌違法的股東。
149	下午好。我們正在調查一個販毒集團。我們掌握了很多不利於 <companname> 公司的證據，而你是這家公司的合夥人。你會收到傳票的。回見。##也許你該給他們點賄賂？
150	你沒有足夠的錢，所以不得不舉債。請記住，隨著時間的推移，債務只會越來越多，所以要儘快還清或貸款。如果你不償還債務，你的財產將被拍賣。
151	很抱歉，你已有一筆貸款未償還。
152	義郎
153	嘿，我是義郎！我聽說有家公司要升值了，也就是說它的股票要更貴了。我可以以 {global.v} 的價格把這個訊息賣給你。成交嗎？
154	嗨，我是義郎！我聽說你有資金問題。要幫忙嗎？
155	打錯了。
156	<comomo> 公司一定會成功！我相信你不會後悔的！
157	沒問題！我已經給你的賬戶轉了一點錢。希望對你有所幫助。我不求回報！
158	很高興與你合作！
159	Kazuhara
160	嘿，我是 <surname>！想去賽馬場嗎？
161	太好了！
162	陌生人
163	我相信你不會後悔的！幾百萬在等著我們！
164	太離譜了！這將被加到你的案子裡。等著開庭吧。
165	好吧，暫時不會打擾你。但我不能保證什麼。祝你好運。
166	奇怪的聲音
167	你要賣掉你的股票然後金蟬脫殼嗎？那是行不通的。如果你不盡快買回 <comomo> 的股份，你就會有大麻煩。我警告過你了。
168	很高興我們達成了共識！
169	我們很高興你理智地做出了正確的決定！我相信我們會與你合作愉快！
170	好極了，我們等著你的到來！
171	成交
172	你來到了正確的車站，但火車就在你眼前開走了。你必須等待一小時後的下一班車。
173	不幸的是，你在交易中遲到了，股票被另一位商人買下。
174	你等著火車到來，然後到達交易地點。雖然你遲到了，但交易還是成功了。恭喜你！
175	你坐上火車，前往約定的交易地點。
176	鐵軌上發生了事故。你的火車停了下來，所有交通都被阻斷。
177	儘管有所延誤，但交易還是取得了成功。恭喜你！
178	交易成功。恭喜你！
179	你開車前往交易地點。
180	今天交通繁忙，你會遲到很久。
181	恭喜你的購買！
182	已售出！
183	嗨，我是 <surname>！你想放鬆一下嗎？我和朋友們要一起去酒吧。
184	彈珠機
185	你想花 {global.pachipek} 購買 50 個球嗎？
186	你想結束遊戲並將你的球兌換為 {global.pach} 嗎？
187	感謝你的遊玩！
188	嗨，我是 <surname>！你今天想玩彈珠機嗎？
189	太感謝你了！我一定會報答你的！
190	名稱
191	股價
192	持股（持股比例）
193	買入
194	賣出
195	交易佣金：
196	<global.companyforq> 的一位股東出售了該公司的大量股票，導致股價下跌。
197	<global.companyforq> 進行了一次重大股票交易。<global.myname> 現在擁有 <global.companyacforq>% 的股份。這對股價產生了積極影響。
198	酒保
199	感謝你的光臨！##根據賬單，你應付 {global.bartrat}。
200	太有趣了！
201	思緒
202	也許該回家了？
203	一個陌生的傢伙坐在你身邊。他向你提出一筆交易—— 以一家新公司為幌子銷售毒品。你立即得到了 30% 的股份，但你知道這很危險。你想做非法生意嗎？
204	你兒時的朋友坐在你身邊。他含淚向你借了一筆 {global.dolgprosit} 的貸款，並承諾幾個月後連本帶利全額歸還。
205	在朋友們醉醺醺的聊天中，你聽說 <global.kompa> 的價格即將大幅上漲，於是你打算購買股票。你不確定是否應該相信這些話。
206	是
207	否
208	投注馬匹
209	選擇你要投注的馬匹。
210	Living Mountain
211	Clear Sky
212	Suzuka Flora
213	Shadow
214	Big Arthur
215	你在坐牢
216	你在住院
217	<global.nameme> 即將上市。
218	艾米
219	星期日
220	星期一
221	星期二
222	星期三
223	星期四
224	星期五
225	星期六
226	（根據利息，債務增加 {global.credituvelichen}）
227	<companynm> 的最新專案失敗，造成巨大損失。
228	主要商業報紙《日本經濟新聞》認為 <companynm> 前景光明，引起股市轟動。
229	可疑的金融報紙《真實之真實》刊登了有關 <companynm> 管理層的令人不快的資訊，這反映在該公司的股價上。
230	<companynm> 公司終於從長期危機中恢復過來。上個成功的專案帶來了豐厚的利潤。
231	直到最近，投資者還對 <companynm> 避而遠之。分析師說，這太糟糕了。最近的報告顯示，該公司收益良好。投資者對 <companynm> 的興趣與日俱增，股價也在不斷上漲。
232	泡沫已破滅！<companynm> 的股價已經崩潰並將繼續。它們似乎被嚴重高估了，而且沒有得到公司所有資產市場價值的支援。
233	<companynm> 的 CFO 接受了電視採訪。他談到了股市和公司的業務。人們更願意購買該公司的股票了。
234	<companynm> 最近的成功交易增加了公司的收入。
235	許多 <companynm> 產品被證明是有缺陷的！公司從商店召回產品，準備免費更換合格品。支出上升。
236	一則關於 <companynm> 工作條件的電視報道對股價產生了負面影響。
237	車禍！幸運的是，你沒有受傷，但你的車已無法修理了。
238	你因闖紅燈被罰款 {shtraf}。
239	保險公司向你賠付 {carstahprice}。
240	你的汽車發生了輕微事故。你的汽車輕微受損。
241	哦，不！
242	保險公司向你賠付 {carstahprice}。佔汽車價值的 <procentcar>%。
243	汽車修理賬單：#
244	汽車修理廠
245	還記得你小時候有多喜歡親子丼嗎？我再給你做一些！只要能回來就好。
246	千里之堤，潰於蟻穴。
247	千里之行，始於足下。
248	有錢能使鬼推磨。
249	明日復明日，明日何其多。
250	你感覺如何？休息夠了嗎？你可能忙得連貓都顧不上！
251	忍人所不忍，能人所不能。
252	不鳴則已，一鳴驚人。
253	我聽說你現在是大人物了！記住，木秀於林，風必摧之。
254	自重者然後人重，人輕者便是自輕。
255	稻熟低穗，人熟低聲。
256	有人想向你推銷鬍鬚梳。他們幾乎成功了！
257	商店有新折扣！
258	災難在等著我們所有人！
259	泡沫終有破滅的一天。
260	你需要幫助嗎？這裡找不到幫助。
261	你的電腦會發出致命的電磁波！
262	不要相信狸貓！他會讓你貸款的！
263	你能想象 30 年後我們的國家會有多強大嗎？
264	啊，真希望我們現在還在上學！
265	生活中的煩惱太多了，我沒時間去想任何事情！
266	先有蛋，後有雞！
267	我相信，愛貓的人不可能都是壞人。我有一隻貓！你呢？
268	散步很不錯！
269	一次愉快的散步讓你的頭腦清醒了許多。
270	冥想之後，你的頭腦清醒了，緊張感也消失了。
271	冥想
272	科學家們得出結論：小貓喜歡吃魚，而狗不那麼挑剔。
273	一隻貓賊偷了一條鯛魚燒，誤以為是真魚。
274	東京居民在談論一隻偷他們錢的狸貓。
275	一個男孩從樹上救下一隻貓，成千上萬的人為他歡呼。
276	貓咪要求更多的睡眠、乾淨的貓砂盆和慢吞吞的老鼠。
277	這傢伙在一家大公司上班的第一天，就以女巫謀殺而告終。
278	一隻勇敢的貓拯救了世界，讓時間重新流逝。
279	一隻奇怪的海鷗打敗了整支軍隊。
280	增加
281	減少
282	確定
283	看來你上次去酒吧時食物中毒了。現在就去醫院！
284	借貸
285	還貸
286	返回
287	你想支付 {global.dolg} 並提前還清債務嗎？
288	恭喜你還清了貸款！
289	你沒有足夠的錢來償還債務。
290	保險
291	車輛投保
292	你想為所有車輛投保嗎？首付為 {carprice_start}，然後每月支付 {carprice_mesyac}。費用因車輛的數量和價值而異。
293	存款
294	你想取消汽車保險嗎？重新投保時，你必須重新支付原保費。
295	你的錢不夠。
296	正確的決定！
297	太糟糕了！
298	支付保險費：
299	你沒有車。
300	增加
301	減少
302	存期
303	最低存款額是 20 萬日元。你沒有那麼多錢。
304	你的存款安全無憂！我們將在 <global.depositdays> 返還你 {global.deposit}！
305	半年
306	1 年
307	2 年
308	我改變主意了
309	我們將連本帶利退還你的存款——{global.deposit}。感謝你的信任！
310	感謝你的信任！你可以在 <global.depositdays> 天內取走你的 {global.deposit}。
311	你在溫泉裡休息得很好。
312	今天是成人日！
313	建國紀念日快樂！
314	今天是天皇誕辰！
315	天皇駕崩的消息震驚了整個日本。
316	綠之日快樂！
317	今天是昭和日！
318	春分快樂！
319	慶祝憲法紀念日！
320	兒童節快樂！
321	海之日快樂！
322	敬老日快樂！
323	秋分快樂！
324	體育日快樂！
325	文化日快樂！
326	勞動感恩節快樂！
327	嘿！聽說你有資金問題！我有個小工作給你，為期 <global.nedeli> 周。#從週一到週三，每週三天，一個工作日的費用為 {global.platapodrabotka}。#請記住，工作時你無法在證券交易所進行交易。
328	好極了！很高興能幫上忙！
329	你在做兼職，所以不能去其他地方。
330	兼職結束了！
331	你不得不提前結束兼職工作。
332	我們收到一份投資建議書。#<companyname> 公司請求為其新專案“<projectname>”提供 {summaa}。#他們承諾給你 {profit} 的利潤。# <randomfrase>
333	我們可以試試……
334	這很可疑！
335	它可能有用，也可能沒有。
336	想試試嗎？
337	聽起來不錯。
338	你怎麼看？
339	鬍鬚梳
340	遊戲機
341	家用電腦
342	噁心的飲料
343	糖果
344	泡泡浴
345	夜總會
346	貓咪快遞服務
347	奶奶的大福
348	CD
349	新一代打字機
350	毛筆
351	動漫工作室
352	卡拉 OK 吧
353	MT-32 合成器
354	你的投資結果！
355	很不幸，“<global.invest_project>”專案失敗了。你的錢白花了。
356	“<global.invest_project>”專案沒有達到預期目標，沒有帶來預期的收益。你只獲得了 {dengii} 而不是承諾的 {global.invest_profit}。
357	“<global.invest_project>”專案取得成功！分紅已全額支付。#{dengii} 已傳送到你的賬戶！
358	“<global.invest_project>”專案超出了所有預期！分紅金額增加！#{dengii} 已經發送到你的賬戶！（預期為 {global.invest_profit}）。
359	你想以 <proooc>% 的利息貸款 {defaultsum} 嗎？
360	你想存入 {defaultsum2} 嗎？
361	需要多少年？
362	歡迎光臨我行！
363	你持有的 <namee> 股份允許你參加年度股東大會。
364	你在 <namee> 的聲譽和股份使你可以成為董事會成員。你現在可以檢視公司的非公開財務資訊。
365	<namee> 的股東大會將於今天舉行。
366	你會出席嗎？
367	很遺憾，你不能出院。
368	好的！我們將等待“<global.invest_project>”專案的結果。
369	你已來到股東大會會場。
370	就座時，有人不小心把咖啡灑在了你身上。
371	你已就座。
372	你遇到了一位老朋友，他也是 <namee> 的股東。這給了你信心。
373	很多人參加了股東大會。你覺得不自在。
374	公司負責人親自迎接你。
375	<namee> 股東大會開始！
376	股東大會
377	大會堂裡瀰漫著難以想象的悶熱。
378	收銀員
379	你改變主意了嗎？
380	最小投注額為 1,000 日元。
381	恭喜你！你的馬贏了！#你的獎金：{global.horse_prize}
382	遺憾的是，這次運氣不佳。
383	<global.myname>，你想發表講話嗎？
384	結結巴巴！
385	不知所措！
386	胡說八道！
387	哦！
388	不是那樣的！
389	注意自己的身心狀況！
390	共有三個指標：
391	幸福——在舒適、安全和事件的基礎上形成的主要指標。
392	舒適與否取決於是否有房有車，以及它們的質量。
393	幸福較低會增加壓力指標。長期處於壓力之下會把你送進醫院。
394	增加日常支出，讓自己更快樂。平均每日消費額取決於你的住房水平。
395	你可以在股市上買賣股票。你持股的公司每月都會給你股息。持股比例越高，你收到的股息就越多。
396	你可以貸款或將錢存入銀行。
397	貸款會立即給你一定數額的資金，但你需要每月償還貸款。償還貸款的時間越長，支付的利息就越多。貸款的最高金額取決於你的信譽。
398	存款可以保證你獲得一定數額的利潤，但你暫時無法使用。存期越長，利息越高。
399	股價是由公司的盈利預期形成的。實際上，股價有兩個主要的隱形組成部分，即公司的盈利能力和興奮度。
400	如果一家公司的利潤一直很高，且沒有虧損，那麼它的股價就會緩慢而穩定地上漲。
401	股價可能會大幅上漲，但如果長期得不到利潤的支援，股價很快就會下跌。
402	股息只取決於公司的盈利，因此，即使是虧損的公司也能獲得高額股息。
403	哄抬股價也會為公司帶來額外資金，導致利潤增加。因此，與公司的盈利能力不同，炒作是一種難以預測的風險指標。
404	密切關注新聞——在那裡你很有可能弄清楚是什麼影響了現在的價格變化——是公司的實際增長還是炒作。例如，一些與公司產品無關的醜聞可能會暫時壓低股價。這將是買入股票的好時機。
405	每年年初，公司都會公佈盈利情況。關注這些數字，購買盈利公司的股票。
406	股東大會每年舉行一次。在股東大會上，你可以瞭解公司的一些有用資訊，找到新的合同。但最重要的是，作為股東，你可以贏得聲譽。有了較高的聲譽和足夠的股份，你就可以加入董事會。
407	在董事會中，你將領取薪水，併為公司做出重要決策。如果你擁有控股權，則決策無需投票。
408	每次會議都會給你帶來很大的壓力，你需要緩解這些壓力。因此，不參加每次會議也許是明智之舉。
409	如果你願意發表演講，就能明顯提高你在公司的聲譽，但你也有可能承受壓力。
410	公司收入水平與股價沒有直接關係。公司可能在一段時間內完全沒有利潤，因此你也不會收到股息。
411	統計
412	股票
413	有什麼可以幫到你？
414	我能告訴你什麼？
415	我需要提示
416	知道了
417	很高興你沒有忘記我。
418	你能不能多談談工作以外的事情？
419	也許這樣我們就能更好地瞭解彼此。
420	今天天氣不錯。
421	我昨晚看了一部很棒的動畫片。有機會應該給你看看。
422	我今天想早點回家。你不介意吧？
423	家裡總有一隻貓在等我。
424	睡不著的時候，我就看深夜電視節目。
425	我應該打電話給我哥。你知道我有個哥哥嗎？
426	我給你買了些拉麵。別忘了偶爾吃點。
427	你想出去走走嗎？
428	那天你想和我去餐館吃飯。你今晚有空嗎？
429	你不應該過度勞累，應該多休息。
430	我玩得很開心！
431	讓我們聊聊
432	年度報告
433	服務
434	糟糕透頂
435	差
436	不錯
437	好
438	優秀
439	演講效果：
440	支援：
441	最終結果：
442	完美的演講
443	良好的演講
444	得體的演講
445	奇怪的演講
446	糟糕的演講
447	太可怕了
448	你在 <namee> 的聲譽日益提高！
449	股東大會結束了。
450	<global.myname>，請發言！
451	聲譽
452	你在公司中的聲譽：
453	只要你持有 1% 以上的股份，你在公司的聲譽就會提高，參加股東大會時也是如此。聲譽高且至少持有 5% 的股份，就有機會進入董事會。股份越多，你的聲譽就增長得越快。
454	遊戲已儲存
455	遊戲已載入
456	歡迎遊玩 STONKS-9800 demo 版：股市模擬器！買賣股票、購買房地產，盡享樂趣！不過，你要記住，demo 版只限於第一年，也不是遊戲的最終版本。在 demo 版中也無法儲存遊戲。
457	整整一年過去了！唉，試玩到此結束。感謝你試玩 STONKS-9800。想將遊戲新增到你的願望單嗎？
458	新遊戲
459	載入
460	存檔
461	系統選單
462	退出
463	開始 demo
464	音樂音量
465	音效音量
466	螢幕大小
467	語言
468	全屏
469	視窗化
470	螢幕
471	檔位
472	遊戲：
473	音樂：
474	艾米的形象：
475	英語翻譯：
476	日語翻譯：
477	回到 1980 年！
478	致謝
479	退出
480	瀏覽選單
481	確定
482	返回
483	改變
484	願望單
485	QA
486	繼續
487	將遊戲新增到你的願望單，以免錯過遊戲釋出！
488	你想退出到 DOS 環境嗎？
489	你準備好開始遊戲了嗎？
490	沒有房子，就只能住在每晚 5000 日元的出租房裡。如果沒錢，就只能在街上過夜。
491	你想以 {houseprice} 出售你的房子嗎？
492	方向
493	啟動
494	CRT 效果
495	股票收益報告
496	收入
497	支出
498	總利潤
499	總體聲譽水平
500	公司
501	CEO
502	非股東
503	小股東
504	股東
505	著名股東
506	董事候選人
507	董事會成員
508	每股利潤
509	股息率
510	利潤
511	成立於
512	你的聲譽
513	活力
514	智力
515	魅力
516	友誼
517	銷售主管
518	經濟學家
519	營銷員
520	設計師
521	程式設計師
522	工程師
523	分析師
524	銀行家
525	私家偵探
526	外科醫生
527	甜點師
528	律師
529	廚師
530	記者
531	犬學家
532	心理學家
533	會計
534	翻譯
535	教師
536	御宅族
537	關
538	等級
539	董事會
540	履歷
541	你的報告
542	成交!
543	總計
544	你想賣掉你的車，買更便宜的車嗎？你將獲得 {prodanodengi}。
545	你想賣掉房子，買更便宜的房子嗎？你將獲得 {prodanodengi}。
546	做空
547	融券/持股
548	每筆交易百分比
549	你為使用出借的證券支付了費用：{shortproc}
550	券商限額
551	透過做空，你可以從下跌的股票中賺錢。你可以從券商處借入股票，如果公司股價下跌，你可以稍後以較低的成本歸還股票。
552	你可以隨時將這些股票退還給券商，但請注意：
553	使用時，你將按日支付利息（年利率 13%）。
554	借出股票沒有股息。
555	每筆交易的利息要支付兩次：借出與回購股票時。
556	券商的出借有限額，這取決於你的狀況和當前借出股票數量。
557	借入股票後，不要忘記立即出售。
558	朋友們說 <global.kompa> 遇到了麻煩，股價很快就會下跌。也許他們只是喝多了。
559	你不想放鬆一下，去看電影嗎？
560	好極了！我會陪著你的。
561	去電玩城怎麼樣？
562	還想繼續嗎？
563	恭喜你！你擁有 <global.kompa> 的控股權！
564	<otkuda_name> 公司總裁 <humanrandom_name> 即將離職！
565	據悉，他的新工作是 <novaya_rabot>。
566	他現在是 <kuda_name> 的總裁。
567	<company_name> 公司已選出新總裁：<humanrandom_name>。
568	你現在是 <global.namecompppp> 的 CEO。恭喜你！
569	<humanrandom_name> 辭去了 <otkuda_name> 公司的董事職務。
570	<humanrandom_name> 加入了<kuda_name> 董事會。
571	你在度假！
572	你太累了！也許是時候休假了？
573	假期
574	你決定在遠離喧囂的家鄉度假。
575	你度過了一個美好的假期！你可以回去工作了。
576	你釣得很開心。
577	聯絡
578	我們的關係
579	很高興與你合作。
580	非常高興與你共事。
581	公司資訊
582	檔案
583	你遇到了<name>（<work>），並進行了愉快的交談。
584	聯絡人中新加入了 <name>（<work>）的號碼。可能會有幫助。
585	你遇到了<name>（<work>），相處得很愉快。也許你會被邀請去喝啤酒。
586	你遇到了 <name>。他是<work>。非常有用的關係！
587	你遇到了 <name>（<work>）。
588	你和 <name>（<work>）聊得很愉快。
589	你遇到了 <name>（<work>），並一起喝了一杯好酒。
590	酒吧
591	你在酒吧遇到了 <name>（<work>）。
592	這可能是一個非常有用的關係，但你沒有機會深入交談。
593	你們聊得很愉快，現在你與 <comp> 有了新的聯絡。
594	經常光顧酒吧讓你感到疲憊。
595	坐在櫃檯前，你感到非常孤獨。
596	還不錯吧？
597	下午好，我叫 <rand_name>。我代表 <nash> 公司。
598	嗨，我是來自 <nash> 的 <rand_name>！
599	<companname> 的股價漲了很多！
600	<companname> 公司的股價上漲了！
601	<companname> 公司的股價變化不大。
602	<companname> 公司的股價下跌了！
603	<companname> 公司的股價大跌！
604	晚上好！
605	大家晚上好！
606	女士們先生們，你們好嗎？
607	今晚將有一場令人難忘的比賽！
608	你們都準備好了嗎？
609	大家都為自己的最愛下注了嗎？
610	今天天氣真不錯。
611	我相信我今天的運氣！
612	今天的馬兒真漂亮。
613	昨天我在賽馬場輸光了所有錢……
614	今天我一定要贏！
615	距離比賽開始只剩幾秒鐘了！
616	<global.horselider_name> 依然保持領先！
617	<global.horselider_name> 勢不可擋！
618	<global.horselider_name> 不願讓步！
619	哦…… 這是一場激烈的比賽。
620	我甚至有點焦慮……
621	<global.horselider_name> 沒有失去領先優勢！
622	沒有馬能追上 <global.horselider_name>！
623	<global.horselider_name> 超越了 <global.prevlider_name>！
624	我們有了新的領頭馬—— <global.horselider_name>！
625	<global.horselider_name> 領先了！！！
626	<global.prevlider_name> 猶豫了一下，<global.horselider_name> 超過了它！！！
627	<global.horselider_name> 領先！！！
628	<global.prevlider_name> 失去了領先優勢！
629	<global.namepr> 加速了！
630	<global.namepr> 的速度越來越快！
631	<global.namepr> 找到了力量，並加快了速度！
632	<global.namepr> 力量驚人！
633	<global.namepr>！難以置信的速度！
634	<global.namepr> 速度飛快！
635	<global.namepr> 猶豫了。
636	<global.namepr> 放慢了速度！
637	<global.namepr> 正在失去速度！
638	<global.namepr> 偏離了跑道，雖然立即返回，但還是落後了！
639	看起來 <global.namepr> 已經扭傷了腿，但仍在繼續衝刺！
640	哦，不！出事了！<global.namepr> 的奔跑速度慢了很多！
641	<global.namepr> 獲勝！恭喜！
642	謝謝大家！祝大家晚上愉快！
643	<global.namepr> 排名第二。
644	來了！！！
645	<global.horselider_name> 從一開始就處於領先地位！
646	個人
647	商業
648	已購買
649	我的財產
650	公寓
651	大廈
652	獨棟
653	房間
654	面積
655	舒適
656	購買價
657	出售價
658	搬入
659	你住在這裡
660	你想賣掉這套房子嗎？
661	你想搬到這裡嗎？
662	你想搬出這裡嗎？
663	搬出
664	你將開始獲得房屋的租金收入，但將損失舒適值。
665	你將不再獲得租金收入，而是根據房屋的舒適度獲得舒適值。
666	在此之後，你將無法歸還房屋。
667	街頭
668	開始 alpha
669	租金收入
670	房地產稅
671	全新
672	完美
673	非常好
674	好
675	平均以上
676	平均
677	平均一下
678	差
679	有缺陷
680	損壞
681	垃圾
682	出租價
683	修理中
684	不能駕駛損壞的車.
685	狀況
686	榻榻米
687	型別
688	你想駕駛這輛車嗎？
689	你想把車停在車庫裡嗎？
690	你想賣掉這輛車嗎？
691	這將提高你的舒適度，讓你準時參加重要的交易。
692	這將導致你改乘公共交通工具，降低你的舒適度。
693	上車
694	前往車庫
695	修理
696	日本的房地產業
697	謝謝！
698	在日本，公寓和住宅通常按房間數量和客廳大小分類。以下是一些常見的術語及其日語：
699	1K（ワンケイ）：指有一間臥室（ベッドルーム）和一個小廚房（キッチン）的公寓或房屋。
700	1DK（ワンディーケイ）：指有一間臥室（ベッドルーム）、一間餐廳（ダイニング）和一間廚房（キッチン）的公寓或房屋。
701	1LDK（ワンエルディーケイ）：指有一間臥室（ベッドルーム）、一間客廳（リビング）、一間餐廳（ダイニング）和一間廚房（キッチン）的公寓或房屋。
702	2K（ニーケイ）：指有兩間臥室（ベッドルーム）和一個小廚房（キッチン）的公寓或房屋。
703	2DK（ニーディーケイ）：指有兩間臥室（ベッドルーム）、一間餐廳（ダイニング）和一間廚房（キッチン）的公寓或房屋。
704	2LDK（ニーエルディーケイ）：指有兩間臥室（ベッドルーム）、一間客廳（リビング）、一間餐廳（ダイニング）和一間廚房（キッチン）的公寓或房屋。
705	此外，還有一些擁有 3 個或更多房間的大型公寓和房屋，它們使用類似的縮寫來表示相應的數字（如 3K、3DK、3LDK、4K、4DK 等）。此外，日本的公寓還可能有獨立的浴室（バスルーム）和衛生間（トイレ），這在房地產資訊中通常被稱為“獨立型別”（セパレートタイプ）。
706	老闆，過得如何？準備好在今天的市場上大展身手了嗎？
707	早上好，老闆！時間還早，但已經開盤了。準備好開始新的一天了嗎？
708	早上好，老闆。已經開盤了，就等你的下一步行動了。
709	早上好，老闆！準備好迎接新的一天，征服新的市場了嗎？
710	老闆，今天過得怎麼樣？下午有什麼大計劃嗎？
711	希望你今天一切順利。需要任何幫助嗎？
712	嘿，老闆，我們快下班了。繼續加油！
713	晚上好，老闆！是時候結束一天的工作，好好休息一下了。
714	嘿，老闆，時間不早了。別忘了給自己充充電。
715	哇，老闆，你最近可真拼啊。別忘了照顧好自己，好嗎？
716	老闆，已經很晚了。也許是時候收工睡覺了？
717	玩得開心時，總覺得時光飛逝，是吧？
718	稍作休息，吃點午餐如何？
719	很高興見到你，老闆。準備好一起工作了嗎？
720	嘿，老闆，今天怎麼樣？有什麼激動人心的事嗎？
721	嘿，老闆，我有預感，今天會是個好日子。你怎麼看？
722	你今天看起來很精神，老闆。你剪了新發型？
723	很高興見到你，老闆。希望你和你希望的一樣好。
724	老闆，我很感謝你付出的辛勤勞動。
725	嘿，老闆，你總有著“我能行”的態度。讓我們今天贏個痛快吧！
726	你好，老闆。讓我們努力工作，實現今天的目標。
727	老闆，你最近聽過什麼好歌嗎？我的播放列表需要一些新曲子。
728	嘿，老闆，你玩過最新的街機遊戲嗎？非常棒！
729	老闆，聽說新開了一家壽司店。下班後想去看看嗎？
730	老闆，你聽說過最新的時尚潮流嗎？我覺得你穿一件時髦的皮夾克會很好看。
731	嘿，老闆，我想去健身房。想和我一起鍛鍊嗎？
732	老闆，我喜歡泡溫泉。它能讓人放鬆，恢復活力！
733	老闆，我餓了。中午想吃拉麵嗎？
734	你看起來有點疲倦了，老闆。也許你該在午休時打個盹兒？
735	和你一起工作真好，老闆。你總能讓我每天都過得更愉快。
736	嘿，老闆，今天是週五晚上。讓我們去酒吧放鬆一下，度過漫長的一週。
737	老闆，我在聽這張專輯，合成器的聲音非常動聽。我想你也會喜歡的。
738	嘿，老闆，你看過這部關於一群科學家自立門戶抓鬼的電影嗎？
739	嘿，老闆，你聽過這首在我腦子裡盤旋了一整天的歌嗎？旋律朗朗上口，歌詞也很動聽。
740	嘿，老闆，你聽過這個樂隊的最新專輯嗎？他們的歌曲朗朗上口，節奏歡快，非常適合夏天聽。
741	嘿，老闆，我看了一個藝術展，色彩鮮豔，造型大膽。這讓很受振奮和鼓舞。
742	老闆，有人向我推薦了這部動畫電影。這部電影講的是一個女孩生活在一個環境即將毀滅的世界裡，她必須想辦法拯救這個世界。
743	嘿，老闆，你聽說過正在開發的新型移動套裝技術嗎？
744	老闆，我剛和一個非常喜歡武術的朋友聊了聊。他說有個傳說中的高手，已經秘密傳授他很多年了。
745	老闆，我在讀這本書，主人公是一個流浪武士，被捲入了兩個強大家族之間的爭鬥。書中的動作場面寫得非常好。
746	嘿，老闆，你聽說過這部關於偵探利用觀察力破案的電視劇嗎？它有一群忠實的粉絲。
747	老闆，我在公園裡散步，看到一群孩子在玩溜溜球。這讓我想起了那次我們去遊樂園，你幫我贏來的毛絨玩具。
748	嘿，老闆，我吃了一家新開的拉麵館，湯汁濃郁，味道鮮美。這讓我想起了那些老武士電影裡他們大口吃面的場景。
749	老闆，我聽說有一款新的街機遊戲，你要扮演忍者去營救一位公主。聽起來很好玩，讓我想起了以前看的那些忍者電影。
750	嘿，老闆，我去了一家新開的爵士酒吧，那裡的音樂非常流暢，讓人放鬆。這讓我想起了我父母常聽的那些老爵士唱片。
751	老闆，我喝了最近很流行的一種新飲料。它有甜甜的水果味，非常適合夏天飲用。
752	嘿，老闆，我看到一個街頭藝術家在人行道上用粉筆畫出了非常複雜的圖案。這讓我想起了寺廟裡那些錯綜複雜的沙雕曼陀羅。
753	老闆，我去參加了這個節日，看到了這些照亮夜空的令人驚歎的煙花。這讓我想起了小時候在電視上看到的煙花表演。
754	老闆，我吃了新開的那家壽司店。壽司的擺盤很有藝術感，味道也很新鮮，讓我感覺像是在參加一個高階晚宴。
755	嘿，老闆，我去看了一個展覽，裡面展示了各種不同型別的陶器。每件陶器都是獨一無二的，都有自己的故事，這真的很酷。
756	嘿，老闆，我試過一種用烤糙米和綠茶葉製成的新茶。它的味道非常獨特，非常適合在寒冷的冬天飲用。
757	老闆，我看到了一幅畫，它使用了一種叫做浮世繪的技術，將不同的顏色層層疊印，從而創造出一種獨特的效果。這與我們在博物館看到的木版畫很相似。
758	老闆，我試了一種用大米釀造的新型啤酒。口感清淡爽口，和我們在居酒屋喝的清酒很像。
759	老闆，我正在看一部關於相撲歷史的紀錄片。這項運動中蘊含的技巧和技術令人驚歎。
760	老闆，我喜歡下雪時這座城市的寧靜與祥和。就像一切都籠罩在白色的毯子裡。
761	嘿，老闆，你吃過火鍋嗎？非常適合寒冷的冬夜。
762	老闆，我想去溫泉放鬆一下，暖暖身子。希望你能和我一起去。
763	老闆，我為我的公寓添置了一個新的暖爐。在寒冷的天氣裡，坐在旁邊看書真是舒服極了。
764	嘿，老闆，我看到這些孩子在雪地裡玩陀螺。這讓我想起了我們小時候。
765	嘿，老闆，我嚐了一種用抹茶粉製作的新型熱巧克力。它風味獨特，非常適合冬天飲用。
766	老闆，你看到猴園的雪猴了嗎？它們擠在溫泉裡取暖的樣子真可愛。
767	嘿，老闆，我要穿著我的毛皮大衣去參加新年慶祝活動。它有一個美麗的象徵冬天的圖案。
768	老闆，我想去參加這個慶祝新年的活動。希望你能和我一起去。
769	嘿，老闆，你有沒有試過在新年期間喝甘酒？那應該會給新的一年帶來健康和活力。
770	老闆，我從我最喜歡的商店買了一個福袋作為新年禮物。我等不及想看看裡面有什麼了！
771	老闆，我喜歡這座城市在節日期間用聖誕燈和聖誕樹裝飾起來的樣子。太有節日氣氛了。
772	嘿，老闆，我想去聖誕市場購物。那裡有各種手工藝品和裝飾品。
773	老闆，我想在聖誕節把一些玩具捐給兒童慈善機構。這是傳播節日歡樂的好方法。
774	老闆，我看到一群人在公園裡打雪仗。看起來很好玩，我也想玩！
775	老闆，我喜歡春天櫻花盛開的樣子。這是一年中最美的季節。
776	嘿，老闆，我想和朋友們一起去野餐，享受美好的天氣。希望你能加入我們。
777	老闆，我打算做春季大掃除，整理一下我的公寓。這是在新的季節開始新生活的好方法。
778	老闆，我在公園裡看到一群人在玩羽根突。看起來好好玩。
779	老闆，我喜歡春天開始變暖的天氣。能有更多時間呆在戶外真好。
780	嘿，老闆，我想去騎車享受一下好天氣。但我不想一個人去。你明白我的意思嗎？
781	老闆，我打算做些園藝工作，種些花。這是享受大自然和鍛鍊身體的好方法。
782	老闆，我要在我的衣櫥裡換上輕便的衣服。冬天過後，穿上新衣服會讓人耳目一新。
783	老闆，我喜歡夏天的節日給這座城市帶來的活力。這是一年中最有趣的時刻。
784	嘿，老闆，你試過在夏天吃刨冰嗎？這是在酷暑中保持涼爽的好方法。
785	老闆，我想參加游泳和皮划艇等水上運動，以便在夏天保持活力。這樣既能強身健體，又能在夏天玩得開心，似乎是個不錯的主意。
786	我喜歡夏天在海邊度過。大海有一種讓人心曠神怡的感覺。
787	老闆，今天我要穿著我最喜歡的泳衣去海灘。它既可愛又舒適。
788	老闆，我喜歡夏天在海邊看日落。那色彩是如此美麗，那一刻是如此寧靜。
789	老闆，今天外面很熱。出門要注意補充水分，穿輕便的衣服。
790	我夢想著回家洗個冷水澡，涼快涼快。
791	老闆，今天出門要戴帽子和太陽鏡防曬。
792	老闆，我想去公共澡堂放鬆一下，出出汗排排毒。
793	老闆，在炎熱的天氣裡，穿淺色透氣的衣服很重要。它可以幫助反射陽光，保持涼爽。
794	嘿，老闆，浴衣不只是女人穿的，男人也可以穿，它是一種時尚舒適的夏裝。
795	嘿，老闆，秋天的紅葉真是美極了。你應該去公園走走，欣賞一下五彩繽紛的紅葉。
796	老闆，外面的天氣越來越冷了，是時候拿出舒適的毯子和溫暖的飲料了。
797	老闆，現在正是品嚐關東煮、烤紅薯和烤松茸等菜餚的大好時機。
798	老闆，秋天是泡溫泉的最佳時節。在涼爽的天氣裡，這是放鬆和取暖的好方法。
799	老闆，秋天是遊覽寺廟和神社的好時節。人少了，秋天的景色也為建築增添了一份美麗。
800	嘿，老闆，現在天黑得越來越早了。這正是閱讀或看電影的好時機。
801	嘿，老闆，秋天正是去郊外旅行、欣賞美麗秋景的好時節。
802	嘿，老闆，秋天的涼風和落葉總讓我想起時間的流逝和生命的短暫。
803	老闆，隨著樹葉的飄落，我不禁產生了一種懷舊感，懷念過去，懷念那些已經消逝的記憶。
804	老闆，風吹過樹木沙沙作響的聲音總是讓我感到有些孤獨。就好像大自然在說著一種我聽不懂的語言。
805	老闆，秋天的憂鬱總讓我覺得有點詩意。就好像世界是一塊畫布，而我在用色彩和文字描繪自己的心情。
806	老闆，讓我給你講講我的童年。我在東京長大，父母一直鼓勵我對技術的興趣。這也是我在大學學習計算機科學的原因。
807	嘿，老闆，你知道我有什麼有趣的事嗎？我曾經花了一年時間環遊世界。我遊覽了許多神奇的地方，瞭解了許多不同的文化。這真是一段難忘的經歷。
808	嘿，老闆，前幾天我在回想在東京的童年。父母經常帶我到家附近的小公園玩，我還記得我跑來跑去，追逐樹上落下的樹葉。那是多麼簡單的快樂啊，但每當我想起它，臉上總會浮現出笑容。
809	老闆，我記得上大學時的一個夏天，我和幾個朋友去海邊旅行。我們租了一個小海濱別墅，整天躺在陽光下，在海浪中嬉戲。我想那是我最後一次感到真正的無憂無慮和生機勃勃。
810	嘿，老闆，我有沒有跟你說過，有一次我在山裡徒步旅行時迷路了？天快黑了，我找不到路。我很害怕，但最終，我偶然發現了一個小木屋，裡面住著一位老人。他把我迎進屋裡，給了我一頓熱飯和一個過夜的地方。這真是一次奇特的經歷。
811	老闆，有一年除夕，我和幾個朋友一起去了京都的一個神社。我們把願望寫在小木牌上，掛在樹上。四周燭光搖曳，香火繚繞，顯得格外寧靜祥和。我仍然記得我們等待午夜鐘聲敲響時那種充滿希望和期待的心情。
812	嘿，老闆，我有沒有跟你說過我和祖母一起去參加茶藝表演的事？它是如此複雜和精確，每一個動作和手勢都有特殊的含義。我感覺自己被帶到了另一個時空，在那裡，一切都更緩慢、更慎重。
813	老闆，記得有一年冬天，我一個人住在東京的一間小公寓裡。外面下著雪，我感到有些孤獨寂寞。但後來我決定去公園散步，看到許多對家庭和情侶在雪地裡嬉戲玩耍，其樂融融。這提醒了我，即使在最黑暗的時刻，也能找到快樂和聯絡。
814	老闆，記得有一年秋天，我獨自一人去京都旅行。寺廟和神社寧靜祥和，紅葉正盛。那是一個純美寧靜的時刻。
815	嘿，老闆，我有沒有告訴過你，有一次我爬到後院的櫻桃樹頂上，吃了很多櫻桃，結果生病了？當時我只有七歲，但這給我上了寶貴的一課——節制。
816	老闆，我小時候，父母經常在週末帶我去附近的溫泉旅行。我還記得那溫暖的泉水和舒緩的蒸汽，以及它帶給我的放鬆和幸福感。
817	嘿，老闆，我小時候最喜歡讀童話和民間故事。它們是那麼神奇，那麼富有想象力，激勵著我去做大夢想，去相信不可能的事情。
818	老闆，小時候的一個冬天，我和哥哥在後院建了一個雪堡。我們在裡面玩了好幾個小時，還打了好幾個雪仗。那是一段天真快樂的時光，我永遠不會忘記。
819	記得小時候的一個秋天，我們全家去山上遠足，看樹葉的變化。樹葉的顏色是如此鮮豔美麗，新鮮的空氣讓人神清氣爽。那是家人團聚的時刻，也是欣賞大自然美景的時刻。
820	嘿，老闆，在我二十出頭的時候，有一次我和幾個朋友去唱卡拉 OK，結果唱得太大聲了，嗓子啞了三天。我聽起來就像一隻青蛙！
821	老闆，記得我十幾歲的時候，暗戀一個男生，給他寫了一封情書，卻不小心給錯了人。全校都知道了，我羞愧極了……
822	嘿，老闆，我有沒有跟你說過，有一次我想給我的約會物件做一頓豐盛的大餐，結果卻把食物燒焦了，還觸發了煙霧報警器？那真是一場災難，但我們最後還是笑著去了一家咖啡館。
823	老闆，我小時候非常內向，朋友很少。我花了很多功夫才克服了不安全感，建立了自信。
824	老闆，我記得剛開始在這裡工作時，我非常緊張，覺得自己有很多東西需要證明。但隨著時間的推移，我對自己的能力越來越有信心，在自己的崗位上也越來越得心應手。謝謝你的幫助！
825	嘿，老闆，我跟你說過我的祖父母嗎？他們結婚 50 多年，有著美麗的愛情故事。看到他們的關係，我開始相信真愛。
826	老闆，我暗戀一個人很久了，但我不敢告訴他……
827	嘿，老闆，我曾經有一個朋友，我對他有感覺，但我不敢把事情發展到下一個階段，因為我不想毀了這段友誼。現在回想起來，我真希望當時能對自己和他更誠實一些。
828	嘿，我今天在想你。你總是能讓我笑起來，即使是在困難的時候。
829	沒有你，我真不知道該怎麼辦。無論發生什麼，你總是在我身邊。我希望你知道我有多感激你。
830	我覺得我可以告訴你任何事，甚至是我最深最黑暗的秘密。你從不評判我，也不會讓我覺得羞愧。我只是……我不知道該如何感謝你。
831	我喜歡你穿皮夾克的樣子。太酷了，太叛逆了。我知道這很傻，但……有時候我希望自己能更像你。
832	我希望你不介意我這麼說，但是……你今天看起來真的很帥。並不是說你平時不好看，我是說，但是……你知道我的意思。
833	我不知道你是否注意到，但是……和你在一起的時候，我總是戴著這對耳環。我猜，這有點像幸運符。它讓我想起你。
834	我前幾天翻看了一些老照片，然後……我意識到我們從第一次見面到現在已經成長了很多。這有點難以置信，你懂嗎？
835	有時我覺得我不配擁有像你這麼好的朋友 比如，你總是那麼善良，那麼支援我，而我只是……我。
836	我一直對時尚和風格很感興趣，但我沒有信心去嘗試不同的造型。我想把自己推出舒適區，但這很難。
837	我上學的時候曾經非常喜歡戲劇。我喜歡錶演，喜歡站在舞臺上，但我已經很多年沒有這樣做了。有時我會懷念它。
838	我和奶奶關係很好。她一直是我生命中重要的一部分，我喜歡和她在一起。有時我會擔心她會變老，但我儘量不去多想。
839	我有點愛吃甜食。我努力做到健康飲食，但有時就是無法抗拒美味甜點。冰淇淋是我的弱點。
840	我過去有過一些糟糕的戀愛經歷。我覺得我容易吸引那些對我不好的男人。但我正試著在約會生活中變得更自信、更有主見。
841	我有點完美主義。我總是希望一切都恰到好處，當事情沒有按計劃進行時，我就會感到沮喪。但我正在努力變得更加靈活，順其自然。
842	我一直是個夢想家，我有很多遠大的理想，但也遇到過很多挫折和障礙。我仍在摸索自己的人生目標，但我知道我終將實現它。
843	我絕對是個夜貓子。我喜歡熬夜看書或看電影，然後再上床睡覺。這是放鬆身心、準備入睡的最佳方式。
844	我有點工作狂。我很難從工作中抽身出來放鬆一下。但我正試圖更加註意工作與生活的平衡，把健康放在首位。
845	我總是喜歡做白日夢。我喜歡沉浸在自己的思緒中，想象不同的場景。有時這會讓我有點分心，但這也是我創造力的源泉。
846	我一直有點內向。我需要很多獨處的時間來充電，也不喜歡和大家在一起。但我很重視深層次的聯絡和有意義的對話。
847	最近我一直在思考我們的未來。比如，十年後我們會在哪裡，或者我們會從事什麼樣的工作。我知道這是個沉重的話題，但是……我忍不住想知道我們是否還會在彼此的生命中出現。你對我意義重大，我不想失去你。
848	我喜歡和你在一起的時光。無論我們是閒逛還是做一些令人興奮的事情，和你在一起的時候我總是感覺很開心。有時我在想，你是否也有同樣的感覺，或者我只是在胡思亂想。
849	前幾天，我在想我們第一次見面的情景。想想從那時起發生了多大的變化，真是不可思議。和你談話時我很緊張，但你是那麼親切和熱情。我想我永遠不會忘記那一刻。
850	我在想我們上次的談話……我覺得我沒有真正說出我想說的話。我有很多話想告訴你，但我不想嚇到你，也不想讓你覺得尷尬。
851	我是個無可救藥的浪漫主義者，如果你看不出來的話。我喜歡看浪漫的電影，讀悽美的愛情故事。我知道這很俗氣，但這讓我很開心。
852	我不知道你是否有過這種感覺，但是……有時候我真的被世界上發生的所有壞事壓得喘不過氣來。就好像每次我開啟新聞，都會看到另一場悲劇或不公。但當我和你聊天時，你會讓我感覺好些。就像，提醒我世界上還有美好的事物，我們可以有所作為。
853	我一直很喜歡唱歌，但在別人面前表演時我真的很緊張。就好像，我害怕被評判或嘲笑。但有一次我在你面前唱歌，你說我的聲音很美。這是別人對我說過的最動聽的話之一。
854	我一直對夜空很著迷。它就像浩瀚神秘的宇宙，而我們只能窺見其中的一小部分。我記得小時候躺在我家的屋頂上，仰望星空，感覺自己是如此渺小和微不足道。但同時也與比我自己更大的東西聯絡在一起。
855	我一直是個小土豆。我喜歡在自己的空間裡度過時光，周圍都是我喜歡的東西。但有時我擔心自己會錯過生活中的所有冒險和體驗。就好像我在熟悉的舒適和未知的刺激之間糾結。
856	說到愛情小說，我有一種負罪感。我知道它們並不是什麼高雅的文學作品，但它們有一種讓人感到舒適和逃避現實的感覺。它就像一種方式，讓我沉溺於所有俗氣、浪漫的陳詞濫調，而這正是我暗自喜歡的。
857	那天我在想你……我也不知道，就是感覺我們之間有種聯絡。
858	我不想超越任何界限或任何東西，但……我在想你是否願意找個時間 出去喝一杯什麼的？當然，只是作為朋友
859	不過，我很高興和你談了一些事情。感覺我們的關係在那一刻變得更加牢固了。
860	我希望我們能無所不談，你知道嗎？
861	我覺得我們的友誼很特別。我們之間的聯絡很難解釋，但感覺就是對的。雖然我們不能每天見面，但我知道你一直在我身邊。
862	我只想說，謝謝你這麼好的朋友。你對我來說就是整個世界。我希望我們的友誼能繼續發展壯大，希望我們能永遠相互扶持。因為我知道，無論發生什麼，我們都會彼此支援。有點遺憾的是，你是我的老闆……不過……好在這並不妨礙你至少成為我最好的朋友！
863	我真的很高興我們能一起散步。能和一個理解我的人一起享受片刻的寧靜，感覺真好。
864	我覺得我們總是太專注於工作，而忘記了娛樂。我們應該找個時間組織一次團隊郊遊。也許是野餐？
865	你有沒有想過，如果我們不在這個領域工作，生活會是什麼樣子？有時我在想，我還能走其他什麼路。
866	我知道我們還有很多工作要做，但能花點時間欣賞一下我們身邊的美景也很不錯。這有助於我記住我們努力的目標。
867	我一直想問你，你在空閒時間喜歡做什麼？我覺得我對你工作之外的瞭解還不夠。
868	有時候，我覺得我們太專注於工作，以至於忘記了退後一步，享受生活中的點點滴滴。比如在公園裡平靜地散步。
869	我知道我們今天過得很艱難，但我很感激能有你這樣一位總是願意傾聽和支援我們的老闆。這讓一切都變得不同。
870	在辦公室呆了一整天，能呼吸到新鮮空氣真是太好了。你經常來這個公園嗎？
871	城市有時是如此繁忙，令人不知所措。逃離這一切，來到這樣一個地方，感覺真好。
872	真不敢相信時間過得這麼快。感覺就像昨天我們才開始一起工作，而現在我們已經在這裡了。
873	我知道錢不多，但我帶了一些零食。吃完點心後，我總是感覺好多了。想吃點嗎？
874	你是否曾經覺得自己沒有發揮出潛能？好像你還可以做得更多？我經常這樣想。
875	我喜歡陽光透過樹木的樣子。它就像一個天然濾鏡，讓一切看起來更柔和、更美麗。
876	你喜歡做什麼來放鬆？我知道有些人喜歡讀書、看電影或跑步。就我個人而言，我喜歡泡澡。
877	我真的很感激這份工作，但有時我也會想，如果能做一份完全不同的工作會是什麼樣子。你有過這種感覺嗎？
878	你有正在努力實現的目標或夢想嗎？也許是工作以外的事情？我認為有奮鬥目標很重要。
879	運動後我總是感覺好多了。也許我們應該找個時間一起去跑跑步。
880	我知道工作壓力很大，但我想讓你知道，你的工作非常出色。很幸運能有你這個老闆。
881	天快黑了 我們能再逛一會兒嗎？
882	在這座城市裡，我並沒有多少知心朋友。有時會很孤獨，但我很高興有你可以傾訴。
883	我知道我不常說，但我真的很感激你。你是一個很好的老闆，但你也是一個非常善良體貼的人。
884	我不知道是不是我的問題，但我覺得隨著年齡的增長，我越來越健忘了。你有過記不住事情的時候嗎？
885	我希望你不介意我這麼問，但你快樂嗎？真的快樂嗎？
886	我不善於向別人敞開心扉，但我覺得我可以信任你。我不知道為什麼，但我就是相信你。
887	我以前從未戀愛過，真的沒有。但有時我會想，那會是什麼樣子呢？
888	我不想說得太肉麻，但我只想說，我覺得你是一個非常了不起的人。
889	你有過失眠的經歷嗎？我似乎總是整夜輾轉反側。
890	你知道，我從來都不善於表達自己的感情。我總是擔心說錯話，或者太脆弱。
891	有趣的是，我以前從不認為自己是一個特別勇敢的人。但最近我開始面對自己的一些恐懼，這真的讓我很有力量。
892	我很感激你。不僅是作為老闆，更是作為朋友。沒有你，我不知道自己會在哪裡。
893	最近我一直在想我的家人。雖然離他們很遠，但我知道他們以我為榮。
894	我正試著在日常生活中更加用心。當你不總是想著未來的時候，你會更有存在感，這真是令人驚歎。
895	最近，我感到非常懷舊。很奇怪，某些氣味或聲音能把你帶回某個特定的時刻。
896	生活就是這樣變幻莫測，令人啼笑皆非。前一天，你以為一切都已安排妥當，而第二天，一切就都變了。
897	不知道我有沒有告訴過你，我曾經對自己的外表很不自信。有時我還在為這件事掙扎。
898	我知道這聽起來很傻，但我擔心自己永遠找不到真愛。就像也許我註定不會以這種方式獲得幸福。
899	有時候，我有一種難以抑制的孤獨感。好像全世界只有我有這種感覺。
900	老闆，你還記得我們完成那筆大生意的那天嗎？我為我們感到驕傲 我們是一個很棒的團隊，不是嗎？
901	你知道嗎，老闆？你似乎總是知道如何逗我笑。我真的很欣賞你的幽默感。這也是我喜歡和你共事的原因之一。
902	我只想說，老闆，我覺得我們不僅是同事，還是朋友。我很高興能認識你，並與你共事。
903	老闆，我才發現我的洗髮水瓶子上寫著“起泡、沖洗、重複”。我一直陷在無休止的迴圈中！哈哈，有意思吧？
904	今天，我用電視遙控器發了半天簡訊。我想我需要休息一下，老闆！
905	老闆，我剛想到一個瘋狂的主意。如果我們做個生意，賣貓咪規格的太陽鏡怎麼樣？
906	老闆，你覺得有可能訓練一隻貓彈鋼琴嗎？因為我覺得那將是有史以來最偉大的事情。
907	你知道我為什麼喜歡走夜路嗎，老闆？就好像我們是秘密特工一樣 在黑暗中偷偷摸摸的。我們現在可能在執行絕密任務，而且沒人知道！
908	嘿，老闆，你有沒有想過我們在萬物中是多麼渺小？在浩瀚的宇宙中，我們只是這個小星球上的一個小點。你不覺得想想就很渺小嗎？
909	老闆，你知道怎樣才能讓這次散步更有意義嗎？如果我們踩著高蹺，你能想象那會有多酷嗎？我們會像巨人一樣，高高在上，俯視一切！
910	你有沒有覺得自己生錯了時代，老闆？比如說，也許你本該是個騎士或者武士什麼的。我覺得我自己會是個很棒的海盜！
911	你知道我希望什麼嗎，老闆？我希望我有一隻寵物恐龍。我知道它們已經滅絕了，但想想那該多酷啊！
912	你知道我剛意識到什麼嗎，老闆？如果我們把所有花在咖啡上的錢，用來買一座私人島嶼，我們也許十年後就能買得起了。就這麼辦！
913	你有沒有想過，如果我們能和動物交談會是什麼樣子，老闆？比如，我們可以和它們進行完整的對話，它們可以告訴我們它們的想法和感受。我敢打賭，狗肯定會說一些很深奧的話。
914	嘿，老闆，你知道嗎，據統計，你被自動售貨機殺死的機率比被鯊魚殺死的機率還要大！現在，每次我從自動售貨機裡拿零食的時候，我都會小心翼翼。
915	你知道，我只是在想……如果在動畫片裡，我們一定是完美的一對。你不覺得嗎？
916	天哪，我剛剛在公園裡看到了一隻超可愛的貓！那是一隻長著綠色大眼睛的花貓。我真希望能把它帶回家，但我知道我不能。也許我只能滿足於每次再見到它時撫摸它了。
917	你有沒有想過，我們必須穿衣服是一件多麼奇怪的事情？我是說，我們只是身上長毛的動物。衣服只是人類的一個奇怪發明。
918	嘿，老闆，你覺得外星人是真的嗎？如果他們已經在我們中間，偽裝成普通人呢？也許你就是外星人，自己卻渾然不知。
919	你知道日本需要什麼嗎？過山車。想象一下，在富士山的背景下馳騁。那將是史詩般的震撼。
920	我一直在想，成為一名忍者會是什麼樣子。偷偷摸摸地躲在暗處，扔飛鏢，做空翻。那一定很酷。
921	看來艾米喝得有點多。
922	等待修理完成。
923	你想修車嗎？##需要花費 <remont_price>。
924	你的車不能再開了。
925	車輛
926	一群小熊貓從當地動物園逃了出來，現在正在街上狂奔。官方呼籲居民留在室內，避開這些動物。
927	一家餐館推出了一種新的選單菜品，其辣度之高，以至於貼上了警告標籤。餐廳呼籲顧客在嘗試之前簽署一份免責宣告。
928	一支樂隊連續演出超過 24 小時，創造了連續演出時間最長的新紀錄。據報道，樂迷們興奮得神志不清。
929	一家遊戲廳安裝了一款新遊戲，這款遊戲非常容易上癮，導致玩家逃學逃班來玩。
930	一個巨大的彈珠給東京當地人帶來了巨大的破壞和歡樂。從街機廳逃出來後，它在全市範圍內彈跳了好幾個小時。請繼續關注這一奇特事件的更多更新。
931	小熊貓
932	受日本流行音樂界最新 MV 的啟發，一種新的時尚潮流出現了。這股潮流的特點是色彩鮮豔的服裝和大膽的妝容。
933	一家百貨公司宣佈大規模促銷最新的電子產品，包括個人電腦、遊戲機和家庭影院系統。
934	一家遊戲廳安裝了一款新遊戲，引起了轟動——這是一款虛擬現實模擬溫泉遊戲。玩家被警告小心不要把控制器掉進水裡。
935	一家夜總會安裝了一個新舞池，裡面有最先進的燈光效果和一個巨大的燈球。據報道，顧客在音樂中迷失了方向，忘記了離開。
936	一家大型汽車製造商釋出了其最新款豪華轎車，這款車配備了自己的私人管家，為乘客提供一系列禮賓服務。
937	一家百貨公司宣佈對最新的時尚配飾進行大規模促銷，包括新奇的帽子、華麗的腰帶和離譜的太陽鏡。
938	一家劇院宣佈將製作一部新的經典日本戲劇，由一群訓練有素的貓擔任演員。評論家們對這場貓戲讚不絕口。
939	受日本流行音樂界最新 MV 的啟發，一種新的時尚潮流出現了。這股潮流的特點是超大夾克、高腰褲和大波浪捲髮。
940	你偶然發現了一個賣章魚燒和烤雞肉串的街頭小販。光是香味就足以讓你垂涎欲滴。
941	美味
942	你發現了一家隱藏在幽靜小巷中的壽司店。餐廳小而不起眼，但食物的質量卻非常出色。
943	你參加了一位才華橫溢的三味線演奏家的現場表演。音樂家錯綜複雜的旋律和節奏將你帶入另一個時空。
944	你參觀了一個展示日本書法歷史和藝術的博物館展覽。錯綜複雜的筆觸和精美的文字令人目不暇接。
945	展覽
946	你參觀了茶藝表演，其中的一顰一笑、一舉一動都充滿了意義和象徵。寧靜的氛圍和細膩的茶香讓人從喧囂的現代生活中解脫出來。
947	你發現了一家新的居酒屋，這是一家提供美味小菜和清爽飲料的舒適酒吧。友好的氛圍和舒適的裝飾讓你有賓至如歸的感覺。
948	居酒屋
949	你參觀了溫泉，浸泡在富含礦物質的溫暖泉水中，在寧靜的環境中放鬆身心。這種體驗讓你感覺煥然一新，神清氣爽。
950	溫泉
951	你來到了一家貓咖，立刻被一群活潑可愛的貓咪團團圍住。你和它們一起玩了一個下午，離開時感到快樂和放鬆。
952	貓咖
953	你發現了一個花園，裡面有各種奇花異草。花園的寧靜氛圍和自然美景讓你感到心曠神怡。
954	花園
955	你參觀了傳統劇團的演出，欣賞歌舞伎或能劇等經典劇目。精緻的服裝和引人入勝的表演讓你歎為觀止。
956	表演
957	你接到一個陌生人的電話，他自稱是忍者大師，要教你忍術。
958	你遇到了一臺自動售貨機，裡面有各種奇特的零食，比如章魚味薯片或芥末巧克力。你忍不住都嚐了嚐。
959	你在火車上無意中聽到兩個當地人在激烈爭論，他們在辯論最近一項政治決定的優劣。他們的激情和活力令人印象深刻，即使你無法完全理解其中的細節。
960	生活點滴
961	你在熙熙攘攘的市場迷路了，向一位熱心的店主問路。他們不僅為你指路，還向你推薦了當地的其他旅遊景點。
962	你無意中聽到當地人在討論操控巨型機器人的道德問題，以及將它們用於軍事目的是否正確。
963	你看到一群穿著五顏六色衣服的孩子在玩一個遊戲，遊戲內容是互相扔球，同時躲避障礙物。
964	你目睹了一群街頭藝人表演雜技、雜耍和魔術等令人眼花繚亂的節目。
965	你注意到一家小麵館，它的的拉麵很美味，就像一部著名動漫中的麵館一樣，講述的是一個夢想成為廚師大師的年輕人的故事。
966	你接到一個電話推銷員的電話，他試圖向你推銷一種產品，並承諾能讓你擁有超人的力量。
967	你接到一個自動留言系統打來的電話，對方自稱代表政府，警告你可能有外星人入侵。
968	我是一個算命先生，我有一個特別的訊息要告訴你。你的命運在等待著你，你必須踏上實現自己真正潛能的旅程。你準備好發現自己真正的人生目標了嗎？
969	我們來自當地一家健身房，我們希望幫助你塑身、減肥並實現你的健身目標。我們提供免費的試用會員資格和個人培訓課程，讓你輕鬆開始健身。
970	你接到一個朋友的電話，他聲稱自己中了彩票，想和你平分獎金。你興奮不已，開始憧憬著用自己的那份獎金買各種東西，但這時你的朋友卻發現他的彩票已經過期了。
971	你接到一個惡作劇電話，電話那頭的朋友假扮成一位著名的相撲選手，請求你幫助他們訓練，以應對即將到來的與對手的比賽。他們堅持要你喂他們大量食物，幫助他們增肥。
972	我為你在股市中取得的成就感到驕傲。創業需要很大的勇氣和艱苦的努力，而你已經證明了你有這個能力。只要記住照顧好自己，不要過度勞累。你的健康比任何金錢都重要。永遠愛你。
973	親愛的，我聽說你一直在從事一些有問題的商業行為。我想讓你知道，我對你的選擇感到失望，並敦促你重新考慮自己的行為。成功沒有捷徑，非法活動的後果可能很嚴重。請小心謹慎，做出正確的選擇。愛你。
974	親愛的，我聽說你一直在賭馬和玩彈珠機。我想讓你知道，我很擔心你，擔心你上癮的後果。請小心你的錢，找到更健康的娛樂方式。
975	我記得你小時候經常把蔬菜藏在床底下不吃。有一天，我在床底下發現了一大堆胡蘿蔔和豌豆！我希望你現在能吃蔬菜了。
976	我還記得我們帶你去動物園的時候，你堅持要帶上你最喜歡的毛絨玩具。你帶著它轉了一整天，還拿給猴子看！我希望你還留著那個毛絨玩具。
977	我還記得你剛學會騎腳踏車時，堅持要戴一個對你來說大了三個號的頭盔。你看起來就像個小宇航員！但安全第一，不是嗎？
978	你的汽車狀況良好，無需任何維修。
979	你的愛車看起來狀況良好，但定期更換機油和濾清器也無傷大雅，可避免日後出現任何問題。從長遠來看，這只是一項小投資，卻能為你省下一大筆錢。
980	在檢查過程中，我們發現了一些問題。剎車片磨損嚴重，火花塞也該換新的了。
981	你的汽車需要一個新的發電機。我們發現蓄電池無法正常充電。
982	我們發現你的發動機有冷卻液洩漏。很可能是軟管損壞或水泵故障。
983	你的變速器打滑了。我們需要進行改造或更換。
984	你的汽車漏油嚴重。漏油來自發動機，很可能是密封墊損壞。
985	你的汽車需要一個新發動機。現在的引擎已經受到了無法修理的損壞。
986	很遺憾，你的車已經無法修理了。修理費用將超過汽車的價值。我可能會建議你選擇報廢或出售汽車零部件。
987	這將花費你 {global.repaircost}。
988	修理工
989	哇，你的車好像出了車禍。我可以試著修一下，但不容易，也不便宜。把它賣了再買輛新車可能更容易些。你來決定。
990	我們很容易就解決了問題，你的汽車現在又能像新的一樣運行了！
991	經過一番努力，我們終於診斷並修復了問題。現在你的汽車應該可以平穩執行一段時間了。
992	我們解決了眼前的問題，但也注意到了一些潛在的隱患。我們建議你定期回來進行維護，以防止今後出現問題。
993	我們進行了一些維修，但仍有一些潛在的問題可能需要在未來解決。我們會繼續關注，如果有任何進展，我們會及時通知你。
994	不幸的是，損壞嚴重且範圍廣泛。我們無法將汽車修理到以前的狀態。我們建議考慮更換車輛。
995	春季可能會出現意想不到的情況，因此請確保你已做好準備，並制定了應對任何市場變化或緊急情況的計劃。
996	別忘了休息一下，享受一下室外美麗的春光，這會對你的工作效率大有裨益。
997	春季是市場波動的季節，因此請確保你密切關注自己的投資，並隨時瞭解相關資訊。
998	我喜歡新割的草的味道，你呢？
999	我很期待櫻花盛開，它們太美了！
1000	我已經在計劃我的暑假了，你想去哪裡？
1001	白天越來越長，我的精力也越來越充沛，這真是太棒了！
1002	冬天我總喜歡烘焙。也許是天氣寒冷的緣故，在廚房裡做一些甜食有種溫馨的感覺。
1003	我喜歡一切被雪覆蓋時的樣子。就像一個冬日仙境！
1004	如果你在冬天感到情緒低落，不妨嘗試到戶外呼吸一些新鮮空氣。做做運動，曬曬太陽，對你的心情大有裨益。
1005	秋季時尚潮流如此舒適愜意，我迫不及待地想嘗試一下。
1006	我剛剛聽說了一部搞笑的新動畫片，主角是一隻笨拙的貓，它總是不小心買了股票而不是魚。你能想象如果我們的股市決策是由一隻貓做出的嗎？我們的處境可就不妙了。
1007	你最近看到街機廳的長隊了嗎？有傳言說，一個從未輸過的遊戲神童正在同時接受兩個挑戰者的挑戰。我很想知道是否有人能打敗他們。
1008	你聽說過一個自以為擁有著名動漫人物讀心能力的股票經紀人的故事嗎？他試圖用自己的“通靈能力”預測股票價格！只能說他應該堅持使用傳統的分析方法。
1009	我剛剛看到一幅有趣的漫畫，畫中的超級英雄白天與惡棍搏鬥，晚上則進行股票交易。我想，即使是超級英雄也需要副業來支付賬單吧。
1010	我聽說過一部新動畫片，裡面的主角擁有召喚股票而不是魔法生物的能力。這就是讓投資更刺激的方法之一！
1011	有傳言說，一位商人對那部以外星戰鬥機為題材的熱門動畫片愛不釋手。他甚至把自己的辦公室裝飾成了飛船駕駛艙的樣子！把工作帶回家。
1012	我發現了一個俱樂部，那裡的成員建造了複雜而逼真的模型城市，小市民們過著自己的日常生活。他們對細節的關注令人震驚！
1013	公眾形象
1014	金融成就
1015	道德操守
1016	人脈關係
1017	市場知識
1018	慈善事業
1019	創新能力
1020	總體聲譽
1021	我在想，這些條形花生是不是股市秘密策略的一部分。
1022	如果我能投資這位調酒師的調酒技術，我一定會成為百萬富翁！
1023	都說金錢買不到幸福，但它可以為每個人解決煩惱！
1024	這種雞尾酒就像股票市場：要搖，而不要攪。
1025	我應該開一家公司，專門生產雞尾酒用的小傘。
1026	如果我知道調酒師的秘方，算不算內幕交易？
1027	也許我能在杯底找到金融成就的秘訣。
1028	這張酒吧椅比我的辦公椅還舒服。
1029	飲料買一送一？這樣的投資回報我可以接受！
1030	我應該買下這家酒吧的股份，它總是很熱鬧！
1031	有時，我真希望炒股票能像點飲料一樣簡單。
1032	如果我下一個偉大的商業創意就藏在這塊幸運餅乾裡呢？
1033	幸運餅乾
1034	在接下來的幾個月裡，你的財富會像竹子一樣快速增長。
1035	繁榮的機遇很快就會來敲門。準備好迎接吧。
1036	你的直覺會引導你做出別人忽視的明智投資。
1037	在商業世界裡，幸運總是眷顧有膽識的人。鼓起你的勇氣。
1038	你很快就會遇到一個改變你未來的人。
1039	相信你的直覺，因為它們會帶你找到隱藏的寶藏。
1040	江河奔流，你的成功也是如此。擁抱變化，收穫成功。
1041	你的耐心和毅力將得到巨大的回報。
1042	一次偶遇會開啟你從未想過的大門。
1043	隨著變革之風的吹拂，你的財富也將隨之增長。
1044	每冒一次險，就會有一次收穫。要無所畏懼。
1045	驕傲使人墮落。成功時要保持一顆謙卑的心。
1046	即使是最明智的投資者也會遇到障礙。從挫折中學習。
1047	誘人的機會可能隱藏著危險的風險。謹慎行事。
1048	過於輕信他人建議的人可能會遭遇不幸。
1049	意想不到的挑戰將考驗你的理財能力。做好準備。
1050	你收到了一份神秘而又誘人的邀請函，邀請你參加一個獨家交流活動。你想去嗎？
1051	在這次獨家交流活動中，你認識了很多有趣的人。
1052	這次交流活動原來是慈善家和社會影響投資者的聚會。在他們致力於為世界帶來積極變化的激勵下，你決定將部分投資用於支援可持續發展和具有社會責任感的企業，從而提高自己的聲譽和道德操守。
1053	但你發現自己力不從心，在交談中不知所措。儘管氣氛令人生畏，但你學到了關於自信和建立人際關係重要性的寶貴經驗，促使你努力提高自己的人際交往技能，擴大人脈圈，為將來的機會打下基礎。
1054	你認識了一位擁有創新商業理念的年輕企業家。他的激情和遠見吸引了你的注意。
1055	交流活動
1056	創新技術
1057	在交流活動中，你參與了一場高風險的撲克遊戲。憑藉你的技巧和直覺，你成功贏得了一大筆錢，為你的金融成就增添了砝碼，同時也贏得了同伴們的尊重。
1058	你有機會參加一個由行業領袖舉辦的高風險高爾夫錦標賽。你的高爾夫球技已經生疏，而且報名費很高。你應該冒險參加比賽嗎？
1059	儘管你的高爾夫球技生疏，但你還是在比賽中打出了令人印象深刻的一杆。這一幸運之舉引起了行業領導者的注意，引發了有趣的對話和潛在的商業機會。你還贏得了 {golfprize}。
1060	不幸的是，你生疏的高爾夫球技在比賽中毫無長進，最終排名墊底。儘管成績不佳，你還是與行業領袖建立了聯絡，並結識了對你的業務有益的寶貴人脈。
1061	高爾夫錦標賽
1062	你的錢包丟了，裡面有 {shtraf}。
1063	一位近親生病，需要緊急治療，但不在保險範圍內。你決定幫助支付他們的醫療費用。費用為 {shtraf}。
1064	著火了！你的房子 <name_house> 被完全燒燬了！幸運的是，你沒有受傷。保險公司向你支付了 {prpr}。
1065	我們一直在關注你的進展，不得不說，你已經聲名鵲起。我們想與你合作。憑藉我們的關係和資源，我們可以助你進一步擴充套件你的帝國。##如果你同意，我們將幫助你解決各種問題。##成交嗎？
1066	明智的決定。在我們的支援下，你會發現即使是最困難的挑戰也變得可以應對。我們將密切關注你的進展，並在必要時介入。
1067	真讓人失望。我們還以為你有很好的判斷力呢。在外面要小心，商業世界是很殘酷的，尤其是對那些拒絕我們幫助的人。
1068	我們並不是每天都能再次向你發出邀請，但我們看到了你的潛力。我們相信，我們的合作能為你的企業帶來更大的成功。請慎重考慮，再做決定。
1069	慈善捐款
1070	增加
1071	減少
1072	捐贈
1073	你願意捐贈多少？#{defaultsum2}？
1074	謝謝！
1075	看來你自己也需要一些捐贈。
1076	很抱歉，我們不能為你提供貸款。你看起來是還不起了。
1077	你好，朋友。我們注意到你的經濟狀況不太好。你知道，我們家族總是照顧自己的人。我們願意為你提供一些經濟援助。沒有利息，沒有附加條件，我們只希望到時候你能幫一個小忙。你覺得怎麼樣？
1078	好極了！你做出了正確的選擇。這是一段高效的合作關係的開始。我們將保持聯絡。
1079	啊，太糟糕了。請記住，如果你改變主意，我們隨時恭候。在我們這一行，忠誠就是一切。別忘了這一點。
1080	劇本
1081	自由模式
1082	故事模式
1083	故事模式尚未在早期訪問中提供。更多詳情，敬請期待。
1084	開始遊戲
1085	載入遊戲
1086	難度等級
1087	簡單
1088	正常
1089	困難
1090	現實
1091	自定義
1092	股息
1093	利潤
1094	耐受力
1095	公司
1096	開始遊戲
1097	小
1098	中
1099	大
1100	敏感
1101	中等
1102	堅韌
1103	頑強
1104	每月一次
1105	每年一次
1106	啟動資金
1107	證券經紀人
1108	房地產經紀人
1109	攝影師
1110	建築師
1111	時裝設計師
1112	酒店經理
1113	旅行代理
1114	健身教練
1115	營養師
1116	職業理療師
1117	藥劑師
1118	獸醫
1119	平面設計師
1120	概況
1121	生日快樂！願今年充滿成功和幸福！
1122	祝你生日快樂！為又一年的美好回憶乾杯！
1123	生日快樂！希望你的特別的日子充滿愛和歡笑！
1124	生日快樂！我希望這一天和你一樣不可思議！
1125	生日快樂！祝願新的一年充滿歡樂和繁榮！
1126	祝你生日快樂！盡情享受這美好的一天！
1127	生日快樂！願今年是最好的一年！
1128	生日快樂！我希望你的今天充滿了讓你微笑的一切！
1129	生日快樂！我知道這些情況並不理想，但我要提醒你，你並不孤單。我們會一起渡過難關，更好的日子在等著我們。堅強起來。
1130	生日快樂！我知道在醫院裡慶祝生日很不容易，但我還是來給你帶來一些歡樂和祝福。等你恢復健康後，我們會補償你的。祝你早日康復！
1131	我們去慶祝吧！
1132	只是路上的一個小磕碰，你很快就會回到正軌的。
1133	我相信你會康復。
1134	一天一天來，你很快就會好起來的。
1135	堅強起來，記住有我在。
1136	別擔心，你很快就會恢復的！
1137	每一天都在向痊癒邁進。
1138	保重身體，健康最重要。
1139	記住要保持積極樂觀的態度，這樣才能有所作為。
1140	康復之路或許漫長，但我會與你同在。
1141	保持耐心，相信康復的過程。
1142	你的朋友祝你生日快樂，並送給你 {global.podarunok}。
1143	哇，你的某個朋友決定送你一輛車！
1144	你的名字
1145	你的生日
1146	一月
1147	二月
1148	三月
1149	四月
1150	五月
1151	六月
1152	七月
1153	八月
1154	九月
1155	十月
1156	十一月
1157	十二月
1158	這反映了公眾對你的看法。高公眾形象可以吸引更多交易、更好的員工，並在公共事件或危機中提供良好的地位。透過正面公關、合乎道德的商業行為和成功的企業來保持。
1159	你在金融界的成就。高金融成就會增加銀行的信任，從而獲得更好的貸款條件和投資機會。成功經營企業、投資獲利、保持高淨資產，都是成功的基石。
1160	這可以衡量你對商業道德的遵守情況。高道德操守可以樹立良好的公眾形象，改善與企業的關係，避免法律問題。可以透過避免不正當交易來保持道德操守。
1161	這可以衡量你在商業世界中的人脈關係。強大的人際網路可以為你帶來獨特的商業機會、內幕訊息和更好的交易。可以透過參加社交活動、與其他商人達成交易以及結交有影響力的人士來建立人脈。
1162	這反映了你對市場的理解。豐富的市場知識可以幫助你做出更好的投資決策，搶先發現市場趨勢，避免錯誤投資。透過成功投資和經營企業，你的市場知識也會得到提高。
1163	這可以衡量你對社會的貢獻。樂善好施可以提升公眾形象，使你更討人喜歡，甚至在危機時刻獲得公眾的支援。可以透過向慈善機構捐款和支援公益事業來提高慈善感。
1164	這個分數代表你願意涉足新領域，支援開創性的想法。它透過投資不同的專案和支援新穎的企業而上升。
1165	這是上述所有類別的總結。較高的總體聲譽可提高你在商界的地位，贏得同行的尊重，並在大多數企業中取得成功。它反映了你在各方面聲譽的平衡程度。
1166	交易所今日關閉。
1167	選單按鈕
1168	回到遊戲
1169	儲存遊戲
1170	你想退出到主選單嗎？
1171	暫停
1172	空格
1173	設定
1174	歡迎使用 STONKS-9800 demo 版： 股市模擬器！買賣股票、購買房地產，盡享樂趣！不過，你要記住，試玩版僅限於前兩年，而且也不是遊戲的最終版本。在演示版中也無法儲存遊戲。
1175	感謝你遊玩 demo 版！你已經在高風險的金融世界中度過了兩年的旅程，我希望你能享受每一刻。##全面的冒險才剛剛開始。如果你已經準備好看看你的財務決策會給你帶來什麼，請關注 stonks.jp 上的新聞。在這裡，你可以找到所有連結，隨時更新並獲得完整遊戲。##我迫不及待地想看到你接受挑戰！
1176	繼續
1177	改變支出
1178	按 <enterr> 開始比賽
1179	選單按鈕
1180	在 stonks.jp 上關注遊戲
1181	Demo 版中不可用
1182	與艾米的友誼
1183	工程
1184	技術
1185	醫藥
1186	金融
1187	汽車
1188	娛樂
1189	能源
1190	電信
1191	農業
1192	建築
1193	傳媒
1194	該公司將專注於土木、機械、電氣或化學工程，生產相關產品和提供服務。
1195	該公司將專注於軟體開發公司、硬體製造商或提供技術支援。
1196	該公司將專注於藥品和其他健康相關產品的生產和分銷。
1197	該公司將專注於銀行、投資或保險。
1198	該公司將專注於汽車製造商或與汽車行業相關的生產。
1199	該公司將專注於電影製作、音樂、遊戲，等等。
1200	該公司將專注於能源生產或供應，包括石油和天然氣或可再生能源。
1201	該公司將專注於提供電話、網際網路和其他通訊服務。
1202	該公司將專注於種植、畜牧或透過其他方式參與食品生產。
1203	該公司將專注於建築或其他基礎設施專案。
1204	該公司將專注於媒體制作或廣告服務。
1205	活動領域
1206	老闆，我非常享受我們一起工作的時光。在我完成任務的過程中，我非常感謝你的指導和耐心。讓我們繼續努力吧！
1207	你的領導風格與眾不同，我喜歡。你不只是發號施令，而且善於傾聽。令人驚訝的是，很多老闆都忘記了對話是雙向的。
1208	來這裡之前，我在一家大型跨國公司工作。雖然有很多好處，但我覺得自己只是機器上的一個齒輪。在這裡，我可以看到我的工作帶來的變化。
1209	我要感謝你們對我的信任。這不僅僅是因為我在這裡的職位，還因為你願意傾聽我的意見和想法。這並不常見，但意義重大。
1210	多年來，我有過很多上司，但沒有一個能像你這樣。你不僅是我的上司，更是我的朋友。在這個殘酷的商業世界裡，這是很難得的。
1211	強力彈球
1212	在彈珠機中收集超過 <need> 個球。
1213	金色通道
1214	在彈珠機中一次擊中超過 <need> 個球。
1215	身陷囹圄
1216	進監獄（為什麼？）。
1217	盈利神話
1218	每月獲得超過 {need} 的淨利潤。
1219	夢想座駕
1220	買第一輛車。
1221	交易與否
1222	進行有利可圖的交易（<need>）。
1223	現金捕手
1224	賬戶裡有 {need} 流動資金。
1225	龍之寶藏
1226	擁有 {need} 的財產。
1227	債務殺手
1228	還清貸款。
1229	Stonks！
1230	從一家公司獲得 {need} 的股息。
1231	新年快樂！
1232	相約 <need>。
1233	播種機器
1234	投資有前途的專案——<need>。
1235	董事會議
1236	出席股東大會。
1237	凱旋賽道
1238	贏得賽馬。
1239	話筒落地
1240	發表完美的演講。
1241	寧靜漫步
1242	和艾米一起散步。
1243	朋友不多
1244	認識 <need> 人。
1245	新任 CEO
1246	成為公司主席。
1247	賽博東京
1248	投資未來科技。
1249	人民最愛
1250	公眾形象達到——<need>。
1251	金融巨鱷
1252	金融成就達到——<need>。
1253	道德完人
1254	道德操守達到——<need>。
1255	廣結善緣
1256	人脈關係達到——<need>。
1257	市場大師
1258	市場知識達到——<need>。
1259	慈悲為懷
1260	慈善事業達到——<need>。
1261	萬眾創新
1262	創新能力達到——<need>。
1263	東京傳奇
1264	總體聲譽達到——<need>。
1265	成就
1266	已達到的成就
1267	達到新成就
1268	已達到
1269	跟蹤你的進度
1270	繼續之前的遊戲
1271	可疑的報紙《真實之真實》披露了 <global.myname> 與黑社會的關係。這對你的聲譽造成了沉重打擊。
1272	對不起，你沒有那麼多錢……但我可以跟我朋友談談，他是個銀行家。也許他能儘快借給你你需要的錢。
1273	好訊息！我已經安排好了一切，貸款已到賬。
1274	不幸的是，失敗了……錢不夠……
1275	未知
1276	空
1277	金融監督廳
1278	請注意！我們在你最近的交易中發現了一些違規行為，這些行為表明你有進行內幕交易的嫌疑。這些指控非常嚴重，可能導致鉅額罰款甚至監禁。請全力配合我們正在進行的調查。
1279	你的交易活動目前正在接受金融監督廳的調查。我們敦促你在調查結束之前停止任何進一步的交易。
1280	對你涉嫌內幕交易的調查已經結束，案件將移交東京地方檢察廳。請做好被起訴的準備。
1281	你被禁止在證券交易所進行交易。
1282	我聽說了你的法律糾紛。別擔心，我在業內最好的律師事務所之一有熟人，你對我們的服務感興趣嗎？##這將花費 {global.moneylawer}。##根據付款金額和你的聲譽，我認為這個案子的前景：<forecast>。
1283	律師
1284	法庭認定你犯有內幕交易罪。##現判處你 3 個月監禁和 {amount_shtraf} 罰款。##這是嚴重的失信行為，有損金融市場的誠信。
1285	由於你的內幕交易罪名成立，你被處以 {amount_shtraf} 罰款，並在 <time_days> 天內禁止交易。##本判決立即生效。
1286	鑑於出示的證據和你的辯護團隊提出的具有說服力的論據，法庭特此免除對你的所有內幕交易指控。##你現在可以自由進行交易活動，不受任何法律限制。##我們敦促你今後在規定的法律範圍內開展業務，以避免發生此類事件。
1287	你最近工作很辛苦。也許你今天休息一下會更好。
1288	太棒了！我的團隊馬上就開始工作！
1289	可惜你沒錢請律師。他對你會有用的……
1290	嚴峻
1291	暗淡
1292	不確定
1293	有風險
1294	五五開
1295	有希望
1296	樂觀
1297	可能
1298	很可能
1299	肯定
1300	法庭特此免除對你的所有內幕交易指控。你現在可以自由進行交易活動，不受任何法律限制。##我們敦促你今後在法律規定的範圍內開展業務，以避免發生此類事件。
1301	現在，你又可以在證券交易所進行交易了！
1302	振作起來，老闆。我們會渡過難關的。
1303	別讓這件事影響你，老闆。你比想象的更堅強。
1304	有很多人在等著你回來呢，老闆。
1305	記住，老闆，每場暴風雨都會有雨停的時候。
1306	只是暫時的挫折，老闆。我們同在。
1307	剩下的交給我吧，老闆。我們一起搞定。
1308	記住你教我的，老闆：永不放棄。
1309	這不是終點，老闆。我們會比以前更強大。
1310	大型 <sector_name> 公司的員工以安全條件差和工資不足為由大量離職。業內專家預測，這可能會導致該行業的發展放緩。
1311	最近的一項創新推動了 <sector_name> 行業的蓬勃發展，提供了新的投資機會。
1312	一家領先的 <sector_name> 公司剛剛公佈了一項重大發現，引發了該行業的熱潮。
1313	新法規的出臺在 <sector_name> 行業掀起了軒然大波，引起了行業大動盪。
1314	<sector_name> 行業創紀錄的盈利增強了投資者的信心。
1315	<sector_name> 行業革命性技術的問世令投資者興奮不已。
1316	最近的一場危機導致 <sector_name> 行業蕭條，影響了生產和投資前景。
1317	與 <sector_name> 行業有關的爭議性政策引起了公眾的強烈不滿，對其發展造成了負面影響。
1318	關於企業普遍存在不當行為的指控對 <sector_name> 行業的發展造成了負面影響。
1319	<sector_name> 令人印象深刻的季度增長數字贏得了投資者的信心。
1320	最近的一樁金融醜聞動搖了投資者對 <sector_name> 的信心。
1321	<sector_name> 未達到盈利預期，給投資者帶來了一些不確定性。
1322	<sector_name> 已獲得重大政府合同，增強了投資者的信心。
1323	<sector_name> 在整合第五代計算機方面處於領先地位，令投資者興奮不已。
1324	外國投資激增增強了投資者對 <sector_name> 的信心。
1325	<sector_name> 正在為支援日本的快速城市化創造創新解決方案，吸引投資者。
1326	憑藉日本的出口熱潮，<sector_name> 吸引了投資者的目光。
1327	當前的能源危機給 <sector_name> 帶來了巨大挑戰，令投資者擔憂。
1328	外國對日本商品需求的減少對 <sector_name> 產生了負面影響，令投資者感到緊張。
1329	快速的技術變革對 <sector_name> 的適應性提出了挑戰，導致投資者持懷疑態度。
1330	日益激烈的國際競爭對 <sector_name> 構成嚴重威脅，降低了投資者的信心。
1331	嚴格的環境法規正在影響 <sector_name> 的運營，給投資者帶來不確定性。
1332	美國經濟衰退正在影響 <sector_name>，令投資者擔憂。
1333	由於激動和過度緊張，你的發言顯得平淡無奇。
1334	我想我現在的狀態不適合發言。
1335	<company_name> 董事會邀請你擔任公司 CEO。##注意你只能同時擔任一家公司的 CEO。##你同意嗎？
1336	真是遺憾！
1337	員工士氣
1338	產品/服務質量
1339	研發能力
1340	品牌聲譽
1341	投資者吸引力
1342	股息
1343	公司
1344	高階營銷活動
1345	推出更多廣告和營銷活動，以提高品牌知名度和銷售額。
1346	擴建生產設施
1347	擴大製造能力，提高產品產量和潛在收入。
1348	向員工發放獎金
1349	透過為員工提供績效獎金來提高士氣和生產力。
1350	利用公司的儲備金來改善運營的各個方面。這些升級可以提高效率，開拓新市場，甚至提高品牌聲譽。
1351	積累研發點數並將其用於關鍵升級，推動公司技術進步。改進產品、提升服務或改進我們的運營流程。
1352	退出
1353	儲備金
1354	研發點數
1355	最後淨利潤
1356	市值
1357	資產價值
1358	業務投資
1359	你想進行業務投資嗎？
1360	祝賀你完成了業務投資！
1361	我們沒有足夠的儲備金。
1362	我們推進了高階營銷活動，但市場似乎比我們想象的要艱難。品牌知名度和銷售額略有提升，但不如預期。讓我們改進一下方法。
1363	我們的高階營銷活動已經實施。品牌知名度和銷售額都得到了適度提升。我們已步入正軌。
1364	好訊息！我們的高階營銷活動取得了巨大成功！品牌知名度和銷售額都大幅提升。我們的方法確實收到了成效！
1365	非常好！我們稍後就會知道投資成果。
1366	我們擴建了生產設施，但過渡比預期的要艱難。產量增幅低於預期。我們需要重新審視擴張戰略。
1367	我們成功擴建了生產設施。產品產量和潛在收入都有了可觀的增長。讓我們繼續保持這一勢頭。
1368	我們生產設施的擴建取得了巨大成功！產品產量和潛在收入大幅增長。我們的增長戰略顯然是有效的！
1369	我們已經向員工發放了獎金，但似乎對士氣和生產率的影響並沒有預期的那麼大。
1370	我們已經向員工發放了獎金。士氣和生產率都得到了適度的提高。這是一個積極的舉措。
1371	我們向員工發放獎金的決定是正確的！這極大地鼓舞了士氣，提高了工作效率。我們的團隊感到自己受到了重視，工作效率也在不斷提高。
1372	研發
1373	開發新一代產品
1374	發掘新的創新產品進行銷售，吸引新客戶，增加收入。
1375	提高效率
1376	改進生產流程，降低成本，提高利潤率。
1377	擴充套件專利組合
1378	投資智慧財產權，保護創新成果，創造新的創收機會。
1379	我們還沒準備好進行這樣的研究。
1380	我們已經啟動了下一代產品的開發，但創新似乎並沒有像我們希望的那樣引起共鳴。市場反應冷淡。
1381	我們的下一代產品開發計劃取得了不錯的反響。我們看到了適度的興趣和銷售增長。創新的道路似乎是正確的。
1382	我們的新一代產品開發在市場上引起了巨大轟動！市場興趣大增，銷售額猛增。我們的創新方法顯然改變了遊戲規則！
1383	我們一直在努力提高效率，但效果並沒有預期的那麼明顯。我們的流程略有簡化，但仍有改進的餘地。
1384	我們已經實施了提高效率的措施。業務流程得到了合理的改進。情況正在好轉。
1385	我們提高效率的努力收穫頗豐！業務得到了重大改進。這確實簡化了流程，提高了生產率！
1386	我們一直在努力擴大我們的專利組合，但這一過程比預期的要艱難。我們獲得了一些專利，但數量不如預期。是時候重新考慮我們的研發戰略了。
1387	我們擴大專利組合的努力取得了一定的成功。我們獲得了相當數量的新專利，為我們贏得了競爭優勢。我們正在穩步前進。
1388	我們的專利組合擴充套件取得了巨大成功！我們獲得了大量專利，進一步增強了我們的競爭優勢。事實證明，我們的研發能力是一項重要資產！
1389	研究已經開始！
1390	正在進行的研究
1391	研究
1392	營銷
1393	儲備
1394	<companynamee> 董事會的薪水
1395	<companynamee> CEO 的薪水
1396	你想成為 <global.kompa> 公司的執行董事嗎？##注意你只能同時擔任一家公司的 CEO。
1397	支援率
1398	日本經濟開始升溫，讓經濟預測專家們感到震驚。現在是乘勢而上的時候嗎？
1399	日本經濟日益強勁！這對我們的未來意味著什麼？金融界一片歡騰。
1400	沒有放緩的跡象：我們的經濟蓬勃發展，房地產價格飛漲。對日本來說，這是多麼令人振奮的時刻！
1401	廣場協議已經簽署，這可能導致日元升值。
1402	大城市地價飛漲！經濟學家預測，房地產投資者的前景一片光明。
1403	新的報告顯示，購買第二套住房的家庭數量創下歷史新高。這是我國經濟實力的標誌。
1404	儘管美國股市暴跌，但我們的經濟依然強勁。這證明了我們的韌性，但地平線上是否已出現了暴風雨？
1405	日本公司正在積極購買海外房產，標誌著我們全球經濟擴張的新篇章。
1406	由於投資者繼續對日本的增長軌跡表示信任，股市創下歷史新高。
1407	隨著日本人均 GDP 超過美國，經濟繼續穩步增長。
1408	儘管房地產和股票價格持續走高，但一些專家對可能出現的市場調整表示擔憂。
1409	主要城市的房地產價格開始下跌，市場面臨動盪。經濟學家呼籲謹慎行事。
1410	據說，東京皇居的價值超過整個加利福尼亞州！
1411	專家建議，隨著資產價格下降，現在可能是經濟調整時期。
1412	意外事件！日經 225 指數大幅下跌！讓我們團結起來，共同面對這一新的現實。
1413	泡沫已經破滅！房價和股價暴跌。 在我們準備應對經濟衰退的時候，團結就是我們的力量。
1414	日本目前正處於經濟危機之中。寬鬆貨幣的時代已經過去。未來將會怎樣？
1415	海外股市在經歷了黑色星期一的暴跌後，開始出現恐慌情緒。但日本市場仍然相對穩定。
1416	迎著新千年的第一縷朝陽，我們回顧了過去幾十年的非凡歷程。我們經歷了從經濟繁榮的高峰到金融動盪的嚴峻挑戰。我們見證了堅韌不拔的力量、戰略決策的重要性以及日本精神不屈不撓的力量。在 2000 年來臨之際，我們知道這不是終點，而是新紀元的起點。讓我們把所學到的東西發揚光大，在這個瞬息萬變的商業世界中繼續前行。讓新世紀屬於我們。新年快樂，投資愉快！
1417	感謝你的遊玩！##你可以繼續遊戲，但後續事件將完全隨機，不具有歷史意義。
1418	歡迎遊玩 STONKS-9800 Early Access 版本！請注意，此版本正在積極開發中，可能包含錯誤或未完成內容。在我努力將遊戲做得更好的過程中，我非常重視你的反饋意見。感謝你的理解和支援！#如有 bug 或想討論請加交流群 661436300。
1419	畫素宮殿街機
1420	旋律締造者公司
1421	櫻花工作室
1422	Nigiri 牧民
1423	原宿遺產
1424	新幹線將軍
1425	技術之虎電子
1426	彈珠機樂園
1427	Vend-it 自動售貨機
1428	幻影漫畫出版社
1429	抹茶大師
1430	東京塔房產
1431	旭日唱片
1432	朝日汽車
1433	武士科技公司
1434	我和艾米的關係又上了一個新臺階！也許我需要和她談談……
1435	你擁有公司的控股權。你現在是公司的實控人。但並非所有人都喜歡這樣。
1436	一位匿名人士向我們兜售有可能帶來豐厚利潤的內幕訊息。但這可能收到不道德的指摘。我們應該購買嗎？#價格——{yenprice}。
1437	我們收到了以下資訊：“<comomo> 的股價有望上漲”。你怎麼看？
1438	我們收到了以下資訊：“<comomo> 的股價即將下跌”。我們應該相信嗎？
1439	一家著名商業雜誌的記者要求採訪你，討論你的成功故事。你願意接受採訪嗎？
1440	採訪很成功！你鼓舞人心的故事改善了你的公眾形象。
1441	採訪沒有按計劃進行，你的一些言論被斷章取義。負面新聞損害了你的公眾形象。
1442	記者歪曲了你的話，捏造了一個聳人聽聞的故事。這導致你的公眾形象大打折扣。
1443	某慈善組織要求你成為其事業的形象大使。這可能會影響你的公眾形象。你願意接受他們的邀請嗎？
1444	你與慈善組織的合作受到了公眾的好評。這大大改善了你的公眾形象。
1445	不幸的是，在你擔任大使後不久，該慈善組織就捲入了一樁財務醜聞。這一事件損害了你的公眾形象。
1446	一位著名的煽情作家正在撰寫一本未經授權的關於你的傳記。他邀請你為這本書撰稿。你願意參與嗎？
1447	你參與完善了傳記，使其對你更加有利。這大大改善了你的公眾形象。
1448	儘管你做出了貢獻，但書中對你的描述卻不盡人意。這對你的公眾形象造成了一定的損害。
1449	幾天前，你的傳記出版了，你決定不參與其中。
1450	這本書被批評為譁眾取寵，缺乏可靠的資料來源，對你的公眾形象影響不大。
1451	這本書成了暢銷書，在沒有你指導的情況下，作者隨意地添油加醋。這損害了你的公眾形象。
1452	一位老業務夥伴公開批評你最近的行為。你會對這些指控做出回應嗎？
1453	你對指控做出了清晰、沉著的回應，受到公眾好評。你的公眾形象略有改善。
1454	你對指控的回應被認為是狡辯，導致你的公眾形象進一步受損。
1455	你的沉默被解釋為預設。這進一步損害了你的公眾形象。
1456	與所有預測相反，<nameofcompany> 在股市上取得了驚人的成就。公司股價大幅攀升，顯著反彈，令投資者大吃一驚。
1457	<nameofcompany> 股價突飛猛進，展現了企業復興的非凡魅力。市場對這一引人注目的回潮議論紛紛。
1458	在經歷了一段時間的動盪之後，<nameofcompany> 實現了驚人的逆轉！公司股價曾一度跌至谷底，如今卻一飛沖天，命運發生了大反轉。
1459	這是個死灰復燃的故事，<nameofcompany> 從之前的低谷中奇蹟般地復甦了。公司股價一度在歷史最低點徘徊，如今卻出現了驚人的反彈。
1460	在經歷了一段時間的陰霾之後，<nameofcompany> 又迎來了曙光。這家瀕臨財務崩潰的公司股價大幅攀升，實現了奇蹟般的復甦。
1461	<nameofcompany> 從一段財務危機中恢復過來，可謂是“絕境之中尚有一線生機”。這家曾一度陷入困境的公司的股價現在正以前所未有的速度上升。
1462	心心相印
1463	與艾米的關係等級達到——<need>。
1464	請記住，為了你的方便，我會立即賣出所有做空的股票，這樣你就能直接得到資金。但你需要將其買回並交給經紀人。
1465	淨利潤
1466	透過以下方式補充儲備金
1467	研究點數
1468	虧損
1469	儲備金被用來彌補虧損。
1470	我們沒有足夠的錢來彌補虧損。我們將不得不削減工資和生產成本。
1471	<global.namemycomp> 公司報告
1472	你不得不出售 <pepe2> 公司的股票換取 {iz} 來償還債務。
1473	新上任
1474	無邊框
1475	管理 <mycompname> 公司
1476	補充儲備金
1477	辭去 CEO 職務
1478	你可以用自己的資金補充公司的儲備金。
1479	你想補充 {global.ownmoney_reserves} 到公司儲備金嗎？
1480	我們該怎麼辦？
1481	你沒有足夠的錢。
1482	增加
1483	減少
1484	你真的想辭去 CEO 一職嗎？
1485	<global.myname> 將辭去 <compname> CEO 一職！
1486	企業家
1487	投資者歡欣鼓舞，股價飆升，因為他們期待著一個新的、可能更有效的領導班子。
1488	市場保持穩定，表明人們對公司未來的領導持謹慎樂觀態度。
1489	股價小幅下挫，反映出人們對公司在沒有知名領導人的情況下的未來的擔憂。
1490	這一訊息引發股價大幅下跌，因為投資者擔心公司在沒有傑出領導人的情況下會前途未卜。
1491	我很高興你決定離開這家可疑的公司。這是一個正確的決定。
1492	公司被清算
1493	失業
1494	非公開交易
1495	卡拉 OK 偶像
1496	漫畫家
1497	頂尖工薪族
1498	時尚風向標
1499	駭客
1500	俳句詩人
1501	武術大師
1502	夜總會舞者
1503	將棋棋手
1504	吉田洋
1505	或
1506	奇怪的噪音？是你的消音器鬆了。
1507	一股濃烈的橡膠燒焦味提醒你出現了問題。原來，汽車的蛇形皮帶斷裂了！
1508	你的汽車在行駛過程中發動機開始過熱。開啟引擎蓋一看，發現散熱器漏水了。
1509	汽車的制動器感覺鬆軟，反應遲鈍。看來是制動液管路有洩漏。
1510	你的一個輪胎緩慢漏氣，可能是幾天前開車碾過的玻璃碎片造成的。
1511	你的擋風玻璃雨刷器停止工作了。
1512	汽車收音機停止工作。旅途中沒有音樂。
1513	去修車似乎是個不錯的主意。
1514	公共交通超負荷運轉。你不得不坐一整天的計程車，花費 {shtraf}。
1515	公交車被突如其來的洪水堵住了。你的財物因水災損失慘重。
1516	在你走回家的路上，一隻狸貓鑽進了你的揹包，吃掉了你的午餐。你不得不花 {shtraf} 買了一份代餐。
1517	你心愛的錄音機在顛簸的公交車上壞了。修理費花了你 {shtraf}。
1518	你在公交車上睡著了，坐過了站。回來的計程車費花了你 {shtraf}。
1519	你走路時踩到香蕉皮滑倒了。乾洗費花了你 {shtraf}。
1520	街上的算命先生給你算了一卦。要扭轉它，你必須支付 {shtraf}。
1521	你抄近路穿過一條僻靜的小巷，卻遭遇了一群小偷。他們搶走了你的錢包和手錶，讓你損失了 {shtraf}。
1522	無論走到哪裡，你都會吸引人們的目光，但並非都是好事。你被一群狡猾的街頭藝人騙了，損失了 {shtraf}。
1523	當你在等公交車時，一個熟練的扒手盯上了你。你沒有注意到，直到為時已晚，你損失了 {shtraf}。
1524	當你深夜走在回家的路上時，一群對你不道德的商業行為心懷不滿的人對你進行了伏擊。
1525	你的惡名終於遭到了報應。一群因為你而賠錢的憤怒投資者把你逼到小巷子裡，對你大打出手。
1526	來自極道的回報
1527	捐贈
1528	購買資料
1529	償還債務
1530	借款
1531	慈善
1532	投資
1533	酒水
1534	每股 <arg0> 的股票
1535	出售汽車
1536	協議購買股份
1537	法院罰款
1538	補充儲備金
1539	意外開支
1540	賄賂
1541	借入資產
1542	罰款
1543	車輛修理
1544	購買房產
1545	賭博
1546	遊戲機
1547	購買車輛
1548	日常開支
1549	日期
1550	數額
1551	說明
1552	公司
1553	收入與支出總賬
1554	禮品
1555	獲獎
1556	兼職工作
1557	投資利潤
1558	保險支付
1559	債務償還
1560	遺產
1561	拾得
1562	出售房產
1563	每股 <arg0> 的股票（做空）
1564	股票
1565	平均買入價
1566	當前價
1567	證券組合
1568	最後買入價
1569	你的聲譽不允許你進行做空。
1570	你好，<global.myname>！你的聲譽為你打開了新的大門。我們現在為你提供參與做空的機會。從借來的股票中獲益，擴大你的收益。準備好了嗎？
1571	商業提案
1572	大家好！我是“未來科技”的齊藤龍之介！我們的使命是將東京改造成“新東京”——傳統與未來科技的融合。與我們一起投資，你不僅能參與公司的發展，還能塑造網路大都市的未來。準備好參與新東京的建立了嗎？
1573	證券交易所已經沒有這家公司的股票了。
1574	我要以低於市場價的價格出售我的一些股票。我希望這個過程順利而低調。以 {cena2} 的價格出售 <colich> 股票怎麼樣？現在外面的價格可是 {cena1}。我們來討論一下細節吧？
1575	我的股票價格很有競爭力。儘管 <colich> 股票目前的市價是 {cena1}，但以 {cena2} 的價格購買 <colich> 股票如何？讓我們進一步詳談。
1576	交易所今日關閉
1577	交易時間
1578	金融監管機構
1579	無限
1580	慢
1581	快
1582	你最近買了很多這家公司的股票。謹慎拋售。
1583	你最近賣出了這家公司的大量股票。謹慎回購。
1584	金融監督廳可能會認為這種行為可疑，並調查你是否可能操縱市場。
1585	最小
1586	正常
1587	小心點。
1588	我們觀察到與你賬戶相關的異常交易活動，此類行為可能被視為操縱市場。我們建議你以負責任的態度進行交易，並確保你的交易符合市場規定。
1589	由於你的賬戶存在可疑交易活動，現傳喚你到監管委員會出庭。
1590	你被暫時禁止在交易所交易。
1591	沒有發現操縱市場的證據。被告無罪釋放，可以自由交易。
1592	法庭審查了提交的證據。沒有發現操縱市場的確鑿證據。因此，對被告的所有指控均不成立，被告可以不受任何限制地繼續從事交易活動。
1593	在對交易和交易模式進行審查後，被告被認定犯有輕微操縱市場戰術罪。處以 {amount_shtraf} 的罰款。但是，鑑於被告的違法程度較輕，因此沒有釋出交易禁令。
1594	法庭發現大量證據表明被告嚴重操縱市場。鑑於其違法行為的嚴重程度，將對其處以 {amount_shtraf} 的鉅額罰款。此外，為防止進一步擾亂市場，將實施為期 <time_days> 天的交易禁令。
1595	致電
1596	電話
1597	忙
1598	沒人接電話。
1599	對不起，<surname> 正在工作。你能稍後再打來嗎？
1600	現在上班。稍後再打電話。
1601	<surname> 在工作。稍後再試。
1602	我們有些工作。稍後再打。
1603	<surname> 現在在工作。週末再打個電話如何？
1604	你好！你的電話對 <fullname> 很有價值。不幸的是，他們現在忙於工作。你能考慮週末再打來嗎？
1605	哦，真沒想到！<surname> 居然在工作。也許下次可以在週末打電話？
1606	猜猜 <surname> 在幹嘛？工作。試著動動腦子，週末再打電話。
1607	<surname> 工作很忙。週末聯絡如何？
1608	現在怎麼辦？我現在正在整理我的漫畫，所以如果你沒有任何稀有漫畫願意出售的話，最好趕緊滾蛋。
1609	哦，真是個驚喜。聽著，我正忙於自己的生活，你有空也該試試。
1610	現在不行，天才。我們中有一個人其實還有工作要做。
1611	我說過你可以打斷我的研究嗎？看來我高估了你的時間觀念。晚點再打。
1612	想破壞我的鍛鍊節奏？你可以試試。有什麼值得說的再打來吧。
1613	我真的以為你很理智，不會在上班時間打擾我這樣的人。顯然，我錯了。
1614	是你啊。我正忙著處理一些有趣的事。不幸的是，你的電話不在內。
1615	你真的認為你的電話會優先於我的閱讀嗎？再想想吧。
1616	我現在比你更關注我的頭髮，你不要抱怨。等你長大了再打來吧。
1617	你應該學會尊重別人的時間，尤其是當他們明顯不是你的對手時。日安。
1618	你打電話的時機再糟糕不過了。你打斷了我重要的工作。你整天都在幹嘛？
1619	有重要的事，你不會明白的。稍後再打。
1620	我以為只有別人會這樣缺乏遠見，但你呢？令人失望。找個更好的時間吧。
1621	現在不合適。
1622	有數以百計的書籍可以教你如何正確把握時機。也許你可以在下一次打電話前買一本？
1623	這不是你的私人熱線。我還有其他更重要的事情要做。
1624	在這個充斥著優先事項的世界裡，這通電話並不是優先事項之一。另尋時機吧。
1625	你知道有比……現在更好的時機打電話嗎？
1626	你可能有一整天的時間，但我們中有一個人還有工作和責任。晚點再打吧。
1627	顯然，我繁忙的日程安排沒有你隨意的電話重要。呵呵。
1628	我今天還沒準備好……
1629	我還以為會有個重要的電話，沒想到是你。今天不行。
1630	我們中有一個人不會整天無所事事。
1631	你的遲鈍真是令人震驚。等我不那麼忙的時候再打給我吧，如果可能的話。
1632	呃，嘿！來得不是時候。我在整理這些檔案？我們能晚點再聊嗎？
1633	我現在正在進行計算和研究。能等等嗎？下班後再聯絡我吧。
1634	你好，這裡是答錄機。我現在在健身房鍛鍊。請你下次再打來。
1635	你是在工作時間聯絡我的。我相信你明白其中的含義。請在更合適的時間回電。
1636	哦，你好！我現在有點雜事纏身。我晚點再打給你好嗎？
1637	我正在讀一些重要的書。我們能晚點再討論嗎？最好是下班後。
1638	哈哈，雖然我很想聊天，但我要去美容院了，你知道的。我們有空再聊，好嗎？♪
1639	你的電話確實很重要，但我現在正在開會。我會盡快給你回電。
1640	嘿，我現在正忙著做模型呢。你能稍後再打給我嗎？
1641	我現在正在除錯一些程式碼，沒時間休息。能下班後再談談嗎？
1642	喲！我正在打棒球。我能在第九局後再打給你嗎？
1643	恐怕你來得不是時候，我的日程很滿。我們下班後再聯絡吧。
1644	哦，你好！我正在縫東西呢。我們晚點再聊可以嗎？
1645	我現在正在研究一個非常複雜的方程式。介意我們晚上再聊嗎？
1646	哈哈，我要去買新衣服了。等我買完了，我們再聊，好嗎？
1647	你好。我正在參加一個重要的研討會。我們以後再聊吧。
1648	嘿，我現在正沉浸在我的漫畫收藏中。晚點打給我，好嗎？
1649	我現在正忙著寫研究報告。等太陽下山了，我們再敘舊吧？
1650	老兄，我剛開始鍛鍊！等我喘口氣再聊好嗎？
1651	不幸的是，我的工作很忙。我們能在一個更輕鬆的時間段交談嗎？
1652	哦，你好！我在嘗試一種新的編織圖案。我們可以後面再談談嗎？
1653	目前，我正在閱讀一本發人深省的雜誌。我們能在晚餐時間聊聊嗎？
1654	嘿嘿，我正在嘗試新發型。等我美美地準備好了，再給你打電話！
1655	不便之處請原諒。我正在開會。等我的事情解決了，我們再聊好嗎？
1656	談公事
1657	談私事
1658	邀請去酒吧
1659	你好？你是誰？
1660	嗯？你是……？
1661	嘿，我想你找錯人了。怎麼了？
1662	我在。說吧。
1663	喂？你是誰？
1664	喂？有什麼事嗎？
1665	哦……是你啊。你有什麼事？
1666	我聽到了。請說明你的情況。
1667	呃，我認識你嗎？
1668	我是 <surname>。快點說吧。
1669	你是誰？你打電話來幹什麼？
1670	這有點出乎意料。你想要什麼？
1671	對不起，我們見過面嗎？
1672	我是 <surname>。你打電話來有什麼事嗎？
1673	你為什麼給我打電話？我們認識嗎？
1674	好了，說吧。為什麼打電話？
1675	哦，嘿！是你啊。怎麼了？
1676	你好。很高興聽到你的聲音。我能幫你什麼忙？
1677	嘿，你好。沒想到你會打電話來。怎麼了？
1678	啊，是你。希望你一切都好。什麼風把你吹來了？
1679	哦，嗨！最近怎麼樣？
1680	你好。今天我能為你提供什麼幫助？
1681	嘿！好久沒聊天了。有什麼新訊息？
1682	又見面了。聽到你的訊息總是很高興。你在想什麼？
1683	嘿，很高興和你聯絡。有什麼特別的想法嗎？
1684	你那邊怎麼樣？
1685	喲！好久不見。沒事吧？
1686	你好，我的朋友。什麼風把你吹來了？
1687	又見面了！今天有什麼事嗎？
1688	嗨！沒想到你會打電話來。有什麼事嗎？
1689	你好！聽到你的訊息總是很高興。最近怎麼樣？♪
1690	哦，是你啊。希望一切都好。有什麼事嗎？
1691	好久不見！我最喜歡的搗蛋鬼最近怎麼樣？
1692	啊，我一直想念的聲音！你最近好嗎？
1693	這不是故事的主人公嗎？夥計，你在做什麼？
1694	啊，真是個驚喜。聽到你的來信，我的心情總是豁然開朗。
1695	我的天啊！真的是你嗎？我很想念我們的聊天！
1696	終於來了！我還以為你把我忘了呢。你最近怎麼樣？
1697	嘿，帥哥！聽到你的訊息總是很高興。有什麼新訊息？♪
1698	啊，正是我想找的人。一切都還好嗎？
1699	哦，嘿。是你啊。最近怎麼樣？
1700	你好。今天有什麼可以幫你？
1701	嘿。沒想到你會打來。怎麼了？
1702	啊，是你。有什麼需要我幫忙的嗎？
1703	你好！你總是知道什麼時候打電話來讓我開心。有什麼新訊息？
1704	啊，這就是我希望聽到的聲音。事情怎麼樣了？
1705	你好！永遠開心。♪你在想什麼？
1706	哦，你好！你來得正是時候。一切都還好嗎？
1707	哇哦！你以為你是誰？我們還是說點基本的，好嗎？
1708	你說什麼？我沒想到我們突然成了好朋友。我們談點不那麼傷人的事怎麼樣？
1709	嘿，少管閒事！看過棒球嗎？那是個更安全的話題。
1710	你顯然高估了我們的相識程度。讓我們把話題引向更中立的地方，好嗎？
1711	嗯……我不知道你為什麼覺得這樣合適。我們能換個話題嗎？
1712	我覺得你越線了。我們還是談小說或電影吧，好嗎？
1713	哇，這有點私密了吧？不如我們還是談談天氣或時尚吧？
1714	我不記得我給過你進入我私人生活的通行證。也許我們可以討論一下新聞？
1715	呃，我是說，我不喜歡隨便和別人談這些。你嘗過新開的拉麵館嗎？
1716	這有點私人，我傾向於把這種事情留給自己。讓我們討論一些更中性的話題吧，比如小說或電影。
1717	哇，夥計！我們還沒到深入探討這種話題的階段。你看了最近的棒球比賽嗎？
1718	我很欣賞你的好奇心，但我更願意把一些話題留給更親密的朋友。也許我們可以把話題引向另一個方向？
1719	哦，嗯，我不太願意討論這個問題。你看到這個季節的櫻花了嗎？
1720	只是我不會公開討論這件事。讓我們換個話題，也許談談那本新的暢銷小說？
1721	親愛的。先別說那些。你聽說過原宿的最新流行趨勢嗎？
1722	我現在不想深入探討這方面的問題。我相信我們還可以探討無數其他引人入勝的話題。
1723	誒？你不覺得太私密了嗎？總之，最近聽過什麼好音樂嗎？
1724	我不太願意談這些事情。你最近逛過什麼好的展嗎？
1725	哇，慢點！我們還沒到那一步呢。說到個性化，你試過定製你的壽司訂單嗎？
1726	這種話題只適合我的核心圈子。不如我們來討論一下最近的科技進步吧？
1727	哦，我……嗯，不想談這個。但你嘗過市中心新開的甜品店嗎？
1728	我喜歡保持一定的界限。你喜歡藝術嗎？有一家新畫廊即將開張。
1729	我的天啊！有點太近了。但是告訴我，你試過城裡新開的舞蹈班嗎？
1730	在某些話題上，我很注重個人隱私。不過，我很想討論一下最近的經濟趨勢。有什麼想法？
1731	我是說，這有點尷尬……但我的模型火車上週末脫軌了。我花了好幾個小時才修好！
1732	我一直在開發一款軟體，它可能會改變我們做事的方式。但是……它還處於早期階段。
1733	昨晚，我試著自制拉麵。結果廚房一團糟！做過這樣的事嗎？
1734	我最近參加了一個關於全球經濟的研討會。這些見解很有啟發性，但我覺得缺乏某種……深度。
1735	你知道嗎，我一直在考慮加入一個詩歌俱樂部。聽起來很傻，但這是我的一個小夢想。
1736	我一直沉迷於實驗室的一個新專案。很有前途，但也超級隱秘。別告訴任何人，好嗎？
1737	我可能又買了一雙我不需要的鞋。但我穿起來很好看。也許有機會你能看看它們？♪
1738	我被選中在一個頂級會議上發表論文。我既緊張又興奮。你……願意來嗎？
1739	啊，聽好了——我加入了這個觀鳥小組。我覺得應該有人把它改編成漫畫！
1740	我最近一直在深入研究量子物理學。我讀得越多，就越覺得自己不懂，但這很吸引人。
1741	我剛打完棒球回來。我的意思是，我不是職業球員，但，嘿嘿，一個人可以做夢！想過打球嗎？
1742	我最近參觀了一家藝術畫廊。這讓我開始思考藝術和生活的抽象本質。我知道，這很哲學。
1743	最近，我開始學編織。有種讓人平靜的感覺。也許我能給你做點什麼？
1744	我上週參加了一個技術研討會。技術進步之快令人激動。讓人不禁對未來充滿好奇，對吧？
1745	我在城裡嘗試了一種新的舞蹈課程。它有點超出我的舒適區，但非常有趣。下次你也應該參加！♪
1746	我正在撰寫一篇新的研究論文。雖然很耗費精力，但收穫頗豐。如果你對此感到好奇，我很樂意和你邊喝咖啡邊討論。
1747	哦，天哪，你不會相信我已經開始收集漫畫了。你喜歡這種東西嗎？
1748	最近，我開始嘗試製作船模。這是一項複雜的工作，但卻有一種奇怪的滿足感。
1749	兄弟，我把相撲當愛好了。別笑！這比看起來難多了！
1750	昨天，我在當地的一個讀書俱樂部進行了一場引人入勝的辯論。小組討論的動力真是與眾不同。
1751	我在市中心發現了這家古色古香的小茶店。他們家的抹茶簡直棒極了！也許我們可以一起去？
1752	我週末一直在圖書館做志願者。從常客那裡聽到的故事會讓你大吃一驚。
1753	昨晚我在卡拉 OK 有了一次最激動人心的經歷。你會唱歌嗎？有機會我們應該來個二重唱。♪
1754	我最近一直在探索古典音樂的世界。每首曲子都蘊含著深厚的情感。我很樂意與大家分享一些我的最愛。
1755	老兄，我已經開始為這臺新遊戲機收集卡帶了。你玩過嗎？
1756	你知道，我每個週末都參加這個程式設計俱樂部。我們正在製作自己的遊戲。很有意思！
1757	最近一直在健身房鍛鍊，想在夏天練出好身材。你會驚訝於我現在能做多少長俯臥撐！
1758	參加了這個關於日本古代藝術的精彩研討會。我從未意識到這背後有這麼多的歷史。
1759	上週末，我第一次嘗試了陶藝。很有趣！下次想和我一起去嗎？
1760	我一直在讀一本推理小說，它的曲折情節讓我徹夜難眠。也許我們可以一起讀？
1761	我最近在學跳舞。有沒有想過學學交際舞或薩爾薩舞？我想找個舞伴。♥
1762	我開始參加市中心的品酒活動。這真的是一門藝術。願意和我一起參加下一次活動嗎？
1763	夥計，你知道，我一直在為融入社會而掙扎。所以我沉浸在自己的愛好裡。這樣……更安全，我猜是吧？
1764	最近，我總是在深夜裡胡思亂想，對人生選擇、職業生涯……提出質疑。說實話，這讓我不知所措。
1765	你我之間，兄弟，我已經心碎太多次了。也許這就是我一直熱衷於體育運動的原因。我想轉移自己的注意力。
1766	我最近獨自旅行，反思人生。有時候，期望的重擔變得有點沉重，你不覺得嗎？
1767	在大庭廣眾之下，我總覺得有點迷失方向，你知道嗎？就像我只是褪色的背景。這種感覺我從未擺脫過。
1768	最近，我一直在寫日記來處理我的想法。我感覺自己一直在內心和頭腦之間掙扎。
1769	雖然有點尷尬 但我有時會感到無比孤獨 即使在人群中，也會有一種……空虛感。你有過這種感覺嗎？
1770	在學校裡，我曾一度感到巨大的壓力，我必須做到完美。這讓我付出了代價。個人成長是一段漫長的旅程，不是嗎？
1771	哦，好吧，我有點喜歡……你知道，戴眼鏡的女孩。這有點像我的秘密，嘿嘿。
1772	我的意思是，我不知道這是不是很奇怪，但我覺得智慧真的……很誘人。比如，一個能談論複雜的數學或物理的女孩？這讓我很好奇。
1773	嗯，一個戴著棒球帽的女孩在為她的球隊加油？這才叫特別！
1774	我並不經常承認這一點，但優雅具有某種魅力。一個能掌控全場的女人 不是靠她的聲音，而是靠她的氣場？這是……迷人的。
1775	我……嗯，可能有點偏愛有點……書呆子的男生。看到他們對某件事情充滿熱情的樣子很可愛！
1776	衣冠楚楚的男人有一種魅力 特別是當他沉浸在書中或在研究某個複雜問題時。這就是……吸引力。
1777	咯咯♥，我不能否認，一個有點懵懂的人是很有趣的。就好像你想挑逗他們，並佔據主導地位！♥
1778	我認為，自信具有普遍的吸引力。一個男人知道自己的價值，並能進行深層次的對話，這就像是心靈的舞蹈。
1779	呃，酒吧？我不太喜歡。也許我們可以去漫畫咖？
1780	我很感謝你的好意，但我有個研究專案……而且，反正我也不怎麼喝酒。不過還是謝謝你！
1781	我很想去，但我明天一早要去打棒球。改天？
1782	謝謝你的好意。雖然我通常更喜歡安靜的場所，但還是很感謝你。
1783	哦，嗯，我真的不去酒吧……我是說，也許去圖書館什麼的？
1784	我不喜歡酒吧。也許下次我們可以去參觀博物館或展覽？
1785	咯咯♥，雖然聽起來很誘人，但今晚是我的美容之夜。改天再做點別的怎麼樣？
1786	謝謝，但我今晚有約。我對今後的其他活動持開放態度。
1787	為什麼不呢？但我不太喜歡去酒吧，你知道嗎？再看看吧。
1788	好吧，我試試看。但我通常不喜歡吵鬧的地方，只是提個醒。
1789	當然！不過我得提醒你，我很會喝的。
1790	我通常不喜歡即興的計劃，但是……為什麼不呢？帶路吧。
1791	嗯，好吧……我好久沒去酒吧了。希望不會太擠。
1792	好吧，但你得保證那地方不會太吵。一言為定？
1793	酒吧？好吧，但如果有男人想泡我，你就扮演保鏢，明白嗎？♥
1794	我很感興趣。但如果我不喜歡，我保留提前退出的權利。同意嗎？
1795	哈哈，當然！好久沒放縱了。走吧！
1796	酒吧？聽起來是讓我從學習中解脫出來的好辦法。算我一個！
1797	棒極了！我只是在想，我需要一個美好的夜晚。讓我們度過一個難忘的夜晚吧！
1798	不錯的選擇！我們很高興能在一起把酒言歡。
1799	真的嗎？聽起來很有趣！我加入！
1800	打破常規？是的，請吧！我和你一起去。
1801	哦，你知道怎樣才能讓我心情愉悅！我完全同意！
1802	一個令人愉快的提議！我一直想去一些新地方看看。走吧！
1803	呃，股票？老兄，我只是想讓我的遙控車工作而已。不過，我想……你也許應該跟著感覺走？
1804	我一直在研究這些模式，從歷史上看，像這樣的行業也呈現出類似的趨勢。我建議你進行多元化投資，並閱讀更多相關書籍。
1805	股市，是吧？我棒球隊的朋友在談論這個……還是上一場比賽的比分？不管怎麼說，總是要在柵欄上搖擺！
1806	鑑於當前的經濟環境和歷史資料，我建議你謹慎行事。也許你現在應該考慮其他投資途徑。
1807	哦，我不太懂股票……不過，嗯，也許你應該去問問更有經驗的人。
1808	根據目前的演算法預測和過去的行為，我建議你分散投資。還有……不，我今晚不來參加社交活動了。
1809	股票？親愛的，我只知道如果它們漲了，就是好事！咯咯，也許我們可以邊喝咖啡邊討論？
1810	從整體角度來看，考慮到社會經濟模式，謹慎行事是明智之舉。確保盡職盡責。
1811	我在那家玩具公司有幾股股份，你知道的，就是有機器人的那家。聽說生意不錯。
1812	我閱讀了一些文章和圖表。模式的出現令人著迷，但我不確定市場目前的波動性。
1813	棒球卡可能是目前更好的投資，你覺得呢？我聽說鈴木的新秀卡賣得很貴。
1814	日經指數是一個有趣的指標，但我們還必須考慮全球事件及其對我們國內市場的連鎖反應。
1815	我想我在某個地方有一些股份，也許是那個可愛的服裝品牌的？我也許應該查一查。
1816	市場最近的變化耐人尋味。這讓我對外國投資的長期影響產生了疑問。
1817	股票真讓人困惑！我寧願投資一個好手提包。據說它和黃金一樣好！
1818	多樣化和全面分析是關鍵。不能簡單地依賴表面趨勢，對市場的深入瞭解至關重要。
1819	我買了那家有古怪廣告的公司的股票。你覺得這是個好主意嗎？
1820	看跌形態正在形成，但基本面似乎仍然穩固。艱難的抉擇。
1821	股票？兄弟，我只是跟風。我從那家廣告詞很酷的公司買了一些。
1822	目前，市場情緒和技術指標相互矛盾。對於任何嚴肅的投資者來說，這都是一個難題。
1823	哦，股票？我想我哥哥提到過一家科技公司……還是紡織品公司？
1824	瞭解錯綜複雜的市場動態至關重要。我一直在密切關注蠟燭圖形態。
1825	價格時漲時跌，是不是很刺激？我只是希望它能像購物一樣有趣！
1826	行業分析揭示了一些價值被低估的瑰寶。不過，市場時機的把握同樣至關重要。
1827	聽說一家壽司公司有股票。我就想試試！
1828	上次我試圖理解股票圖表時，我開始閱讀一本關於股市的漫畫！
1829	買了一家麵條公司的股票。股息以麵條的形式傳送！
1830	我曾經嘗試過投資組合多樣化。結果買了五種不同型別的泡麵。
1831	股票小竅門？當然！如果你的股票跌了，倒點清酒。要麼上漲，要麼你就不在乎了。
1832	在這個問題上，我不知道我能說什麼。
1833	我投資了化妝品股票。當股票下跌時，至少我哭得很好看。
1834	有沒有注意到股票程式碼聽起來像一種秘密語言？感覺就像回到了高中時代。
1835	無意冒犯，但我們最近聊得太多了。也許讓我們喘口氣，好嗎？
1836	我很喜歡我們之間的討論，真的，但我需要一些自己的時間。我們稍後再聯絡吧？
1837	朋友，我喜歡我們的聚會，但我感覺有點力不從心。要不要休息一下，充充電？
1838	我很重視我們之間的互動，但暫時給我們雙方留出一些空間可能對我們都有好處。
1839	嘿，我覺得我們最近聊得太多了。也許我們可以休息一下？希望你能理解。
1840	我很感謝我們最近的談話，但我想我需要一點私人時間。我們能晚點再聊嗎？
1841	你好！我們聊了這麼多，我覺得有點忙不過來。介意我們冷靜一下嗎？
1842	我們之間的廣泛交流很有啟發性，但我認為，為了謹慎起見，我們還是應該有一個短暫的休整期。
1843	我……嗯，我有一個一直想完成的模型套件。我們能不能，呃，先不說話？我需要點時間。
1844	恕我直言，我最近一直在潛心研究。我們現在最好還是少說話。
1845	嘿，朋友！棒球訓練和晚上的比賽讓我有點忙不過來。先別聊了，好嗎？
1846	我們之間頻繁的交流雖然很有啟發性，但已經有點過度了。我希望能有一個短暫的休整期，以便專注於我的工作。
1847	不是因為你……我只是……需要一些時間獨處，看看書什麼的。我們能少說會兒話嗎？
1848	我不是針對你，但我們的談話開始影響我的學習了。休息一下對我們倆都好。
1849	咯咯~我必須承認，像我這樣的美人也需要自己的空間。也許我們可以稍微收斂一下？
1850	我們之間的多次對話讓我受寵若驚，但適度是關鍵。讓我們稍事休息，好嗎？
1851	最近連我晦澀難懂的愛好都比我們的聊天吸引人。我需要喘口氣，好嗎？
1852	漫畫和程式設計讓我忙得不可開交。也許我們最好暫停一下聊天。
1853	恕我直言，棒球季就要開始了，我寧願看比賽也不想聊天。明白我的意思了嗎？
1854	你的堅持讓我們的討論質量黯然失色。等你能貢獻出實質性的東西時，我們再重新開會吧。
1855	說實話？即使是和我的貓度過一個安靜的夜晚，聽起來也比這更有吸引力。也許可以少打電話？
1856	每和你聊一分鐘，我就失去了寶貴的學習時間。相信我，我的書更吸引人。
1857	親愛的，雖然我很喜歡被關注 但我也有自己的底線。讓我們保持點神秘感，好嗎？
1858	我已經聽夠了。也許你應該找別人來負擔你喋喋不休的嘮叨。
1859	現在給誰打電話都太晚了。
1860	我不想對你說教，但你最近好像經常在酒吧喝醉。
1861	我不想對你說教，但你最近好像經常在酒吧喝醉。小心點。
1862	如果一味地用酒精來治療壓力，酒精就會失去作用，壓力就會自己出現。也許嘗試克服壓力的原因會更好？
1863	你喝得太多了，這已經不是第一次了。我們必須對你進行酒精中毒治療。
1864	你有沒有嘗過京都的那種小酒？我旅行時在一家小店裡找到的。它……與眾不同。
1865	你知道嗎，我在某處讀到過，愛好者們對清酒的最佳飲用溫度存在很大爭議。我想你可能會感興趣。
1866	嘿！那麼，你覺得兩個最好的相撲手之間的掰手腕比賽誰會贏？哦，順便說一句，最近的棒球比賽太瘋狂了！
1867	我最近讀了一篇關於日本夜生活對經濟影響的分析文章。雖然我相信這不是通常的酒吧聊天話題，但卻相當耐人尋味。
1868	這裡有點吵，是吧？希望你能聽清楚。我……我通常喜歡安靜點的地方。
1869	鑑於這裡的聲學特性，它並不是一個最有利於深入交談的環境。但是，你知道聲音的物理特性是非常迷人的嗎？
1870	咯咯，真高興在這種地方見到你。是來享受氛圍的還是受邀而來的？♥
1871	這家店有一種獨特的魅力。與我習慣的高檔酒廊截然不同。它……令人耳目一新。
1872	那麼……聽說過用啤酒杯墊玩的小眾紙牌遊戲嗎？我從一個老收藏家那裡得到了一套。
1873	我一直在計算飛鏢的機率和策略。我們得一起玩。
1874	有沒有試過酒後唱卡拉 OK？這才是對男人自信的真正考驗！
1875	只需瞥一眼這家酒吧的藏酒，就會不由自主地注意到全球酒類趨勢的變化。國際貿易的錯綜複雜甚至在這裡也能體現出來。
1876	我一直很喜歡這裡霓虹燈在飲料中閃耀的樣子……讓一切看起來都那麼……夢幻。
1877	對於我們的聽力範圍來說，這裡的環境噪音水平可能並不理想。除此之外，你有沒有思考過混合飲料背後的化學反應？
1878	哦，親愛的，這裡不就是時尚的縮影嗎？不過，我得承認，這裡的燈光對人的膚色有很好的改善作用，你覺得呢？咯咯~♪
1879	這家酒吧的設計融合了傳統和現代元素，令人著迷。它巧妙地反映了日本社會文化的演變。你同意嗎？
1880	我試著把清酒和可樂混在一起。稱之為……錯誤！
1881	實際上，我曾對各種啤酒的酒精含量做過深入分析。當你深入研究細節時，你會發現令人驚訝的東西。
1882	有沒有試過在掰手腕時喝得比別人多？兩個比賽，同一個環境！開始吧！
1883	這裡的威士忌選擇令人印象深刻。每瓶酒都講述著一個工藝和傳統的故事。
1884	我，嗯，有點喜歡這裡的氛圍。座位很舒適……就像我家裡最喜歡的閱讀角落。
1885	你知道嗎，這裡的音響效果非常迷人。我在想，天花板的設計是否是故意為之，以增強談話效果？
1886	看看舞池！你認為這是我今晚的舞臺嗎？像我這樣的天后應該有觀眾，對吧？咯咯~♪
1887	這裡的爵士樂氛圍正變得相當活躍。下週末有一場演出，你應該來看看！
1888	你知道嗎，這裡的花生讓我想起了我的模型火車的沙礫。別問為什麼。
1889	你會驚訝於這些雞尾酒的卡路里含量。我曾經做過一個電子表格。
1890	嘿，你看到螢幕上的比賽了嗎？那支球隊的戰術太瘋狂了！
1891	上週，我參加了這個融合了日本傳統和現代藝術的藝術展。這是一個充滿創造力的有趣時代。
1892	這裡的燈光讓我想起了我看過的一部電視劇……但我不記得名字了。
1893	最近，我讀到一項關於酒吧音樂音量如何影響社互動動的研究。這個地方似乎做對了。
1894	這杯雞尾酒？親愛的，和我的衣服很配。風格第一，口味第二！咯咯~♪
1895	這個酒吧有一種獨特的氛圍，你覺得呢？它在現代和古典之間取得了很好的平衡。
1896	要知道，這裡的音樂並不是我的風格，但他們的威士忌酸酒確實很好喝。
1897	你聽說過新的啤酒減肥法嗎？你減的是天數，而不是體重。
1898	你看過最近的相撲比賽嗎？天啊，那些傢伙都是巨人！
1899	我必須說，在如此擁擠的地方，這裡的音響效果出奇的好。
1900	你有沒有覺得這種飲料看起來太……我不知道，對我來說太花哨了？
1901	你聽說過雞尾酒調製背後的數學嗎？它……很複雜，但很迷人。
1902	唉，我覺得酒保懂得的魅力可不僅僅是酒，如果你懂我的意思的話。咯咯~♪
1903	這裡的氣氛如何？相當令人振奮。這裡非常適合進行智力對話，你同意嗎？
1904	你試過街邊新開的彈珠機店嗎？我……上次沒玩好，不過也許你運氣會更好？
1905	你有沒有注意到最近電子遊戲機廳的蓬勃發展？科技對娛樂業的影響令人著迷。
1906	你是棒球迷嗎？我上週看了托米烏里巨人隊的比賽——驚心動魄！
1907	現在，這些進口威士忌風靡一時，但我個人認為，本地品牌被低估了。
1908	這條裙子是我在市中心一家新開的精品店買的。這對我來說有點大膽，但我想嘗試一下不同的東西。
1909	最近我一直在閱讀有關股市對經濟影響的文章。這……令人費解。你有什麼想法嗎？
1910	有人告訴我“威士忌意味著生命之水”。難怪我感覺如此生機勃勃……還是因為氣泡？
1911	觀察西方文化如何影響我們的夜生活是一件有趣的事情。你出國旅行過嗎？
1912	我聽說 <inside_comp_name> 即將推出一個成功的專案。我要購買它的股票。
1913	有傳言說 <inside_comp_name> 的業績很差。如果你持有該公司股票，請儘快賣出。
1914	<sector_name>——目前最有利可圖的行業。
1915	每個人都把希望寄託在 <sector_name> 上。
1916	<sector_name>……目前正處於困難時期的行業。我並不羨慕投資於該行業的投資者。
1917	嘿，在你我之間，我有一些股票願意以低於市價的價格出售。
1918	聽著，我有 <colich> 股 <nash> 股票要賣。外面的價格是 {cena1}，但你只需 {cena2}。因為你一直是我的好朋友。
1919	喝了幾杯之後，我想跟你做筆交易。我有 <colich> 股 <nash> 股票。市場價是 {cena1}，但我以 {cena2} 的價格賣給你，以友誼的名義。
1920	我在重新考慮我的投資組合。我有 <colich> 股 <nash> 股票，它們在市場上的價格是 {cena1}。但我相信你，所以我以 {cena2} 的價格賣給你。只是給朋友的一點心意。
1921	我有 <colich> 股 <nash> 股票要賣。其他人都付 {cena1}，而你呢？你只付 {cena2}。這只是我們友誼的一點小意思。
1922	聽著，這是內部訊息。現在幾乎沒有 <nash> 股票可以自由交易了，但我有 <colich> 股。市場上的價格是 {cena1} 但考慮到它們的稀缺性，我必須要價 {cena2}。你在我這裡的機會比在其他地方大。
1923	你知道大家都在追捧的 <nash> 股票嗎？那些幾乎退出市場的股票？我有 <colich>。它們現在值 {cena1}，但它們的稀有性把我的價格推到了 {cena2}。想做這筆交易嗎？
1924	在你我之間，市場上的 <nash> 股票幾乎枯竭了，但我有 <colich> 股。它們的價格是 {cena1}，但考慮到它們的搶手程度，我的要價是 {cena2}。機會難得。
1925	請注意！那些 <nash> 股票？在市場上幾乎絕跡了，但我囤積了 <colich>。市場價是 {cena1}，但我需要 {cena2}。不過，你的報價還是領先的。
1926	一位來自大阪的有影響力的商人想親自見你。他沒有說明原因，但聽起來很緊急。要不要安排一下？
1927	商人
1928	最近，我得到了一件古代文物。據說它能給主人帶來財運。它不適合我的收藏，但也許你想以 {global.art_price} 的價格擁有它？
1929	你最近總是踩到別人的腳趾。給你個友善的建議，小心背後。也許重新考慮一下你最近的一些決定。
1930	在大阪的地下，有一個不交換金錢，只交換秘密的酒吧。想喝一杯嗎？
1931	很好，你不會後悔的！
1932	神秘人
1933	你好 我聽說你有一件神秘的文物，據說可以提高投資成功率。你能以 {global.art_price} 的價格把它賣給我嗎？
1934	文物
1935	你遭到了襲擊！一個神秘人物在小巷裡找到了你，還把你打了一頓。這就是那個神秘商人警告你的事嗎？現在你在醫院裡。
1936	你遇到了你的朋友 <fullname2>。
1937	你們聊得很愉快。
1938	你們就股市問題爭論不休。
1939	你遇到了 <fullname2> 並進行了愉快的交談。
1940	你是一個著名金融研討會的演講嘉賓。你的真知灼見受到了高度讚揚。
1941	金融研討會
1942	由於工作時間過長，你的健康出現了小問題。
1943	一家大型財經雜誌在一篇文章中錯誤地引用了你的話，造成了混亂。
1944	稅務機關決定對你的賬目進行審計。雖然一切正常，但這一過程卻增加了你的壓力。
1945	摯友
1946	結交一位真正的朋友，友誼等級達到 100。
1947	廣結善緣
1948	結交 <need> 名與你的友好度超過 70 的朋友。
1949	乾杯！
1950	成功邀請某人去酒吧 <need> 次。
1951	上訴！
1952	打贏任何對自己不利的官司。
1953	遠離喧囂，真正欣賞簡單的事物，這感覺真好。
1954	這個地方有著如此豐富的歷史。我很感激能有機會體驗它。
1955	村裡的空氣沁人心脾。我明白你為何如此珍視這個地方了。
1956	這裡的節奏變化很大。讓你思考人生的優先事項。
1957	村裡的寧靜為思考提供了完美的背景。
1958	僅僅在這裡待了一小段時間，我就學到了很多東西。感謝你們與我分享這個地方。
1959	早上好！村裡的空氣如此清新，不是嗎？
1960	昨晚你聽到蟬鳴了嗎？真讓人懷念啊。
1961	我們今天就去探訪古道吧。我聽說過關於它們的故事。
1962	這個村子充滿了寧靜的魅力。我很高興我們一起來到這裡。
1963	希望你們和我一樣享受這次靜修。村裡的靈氣是神奇的。
1964	這裡的茶葉非常棒。想在陽臺上一起喝茶嗎？
1965	遠離城市的喧囂，不是很好嗎？
1966	今晚就是鄉村節了。很興奮能和你們一起體驗。
1967	和你在一起，這裡的每一個日出都像一場夢。讓我們好好把握今天。
1968	和你在一起，被大自然環繞，感覺時間靜止了。
1969	我珍惜和你在一起的這些寧靜時光，遠離塵世。
1970	我一直夢想著這樣的時刻，只有我們，迷失在彼此的眼神中。
1971	今晚，村莊的月光似乎只為我們而閃耀。
1972	有你在我身邊，聆聽村莊夜晚輕柔的聲音，感覺就像一首搖籃曲。
1973	和你在一起，被大自然環繞，感覺時間靜止了。
1974	收入與支出：
1975	要刪除 <global.namesvs> 存檔嗎？
1976	刪除存檔
1977	右鍵單擊
1978	<global.company_var_name> 公司的股東大會在一片沮喪聲中結束。投資者對公司的發展方向和財務業績表示了極大的擔憂。預計股價將大幅下跌。
1979	<global.company_var_name> 公司最近召開的股東大會有許多不盡如人意之處。幾位主要投資者表達了對近期發展的擔憂。市場可能會做出負面反應。
1980	<global.company_var_name> 公司的股東大會沒有大張旗鼓地結束。投資者似乎既沒有留下深刻印象，也沒有特別關注。股票價格可能會保持穩定。
1981	<global.company_var_name> 公司的股東大會總體上是積極的。投資者對公司近期的大部分行動表示贊同。預計股價將小幅上漲。
1982	<global.company_var_name> 公司最近召開的股東大會受到了熱烈歡迎。公司的發展和未來計劃引起了投資者的共鳴。股票價格很可能出現健康的飆升。
1983	<global.company_var_name> 公司的股東大會取得圓滿成功！投資者對公司的發展軌跡和未來潛力極為樂觀。預計股價將應聲飆升。
1984	儲存中……
1985	公司過去 12 個月的財務業績：
1986	首席財務官
1987	CEO 發表了講話，但很多人對他的話不以為然。大廳裡迴盪著不同的聲音。幾個大股東明顯表達了不滿。
1988	CEO 發表講話後，反響平平。許多股東似乎並不信服，而其他人則在等待更具體的結果。
1989	CEO 發表了講話，大家紛紛點頭，表情淡然。大多數人都沒有強烈的感覺。
1990	CEO 發表了講話，他的資訊引起了在場許多人的共鳴。現場不時響起掌聲，幾位有影響力的股東也發出了明顯的讚許聲。
1991	CEO 發表了講話，隨後大廳裡響起了熱烈的掌聲。股東們交換著樂觀的眼神，掌聲熱烈而持久。
1992	作為該公司的 CEO，建議你出席會議。
1993	大家都覺得 CEO 不出席會議很奇怪。
1994	員工名單
1995	按友誼等級
1996	按能量等級
1997	按智力等級
1998	按魅力等級
1999	哦，老闆。沒想到你會打電話來。希望我沒惹上麻煩什麼的。
2000	祝你有美好的一天。我沒想到會接到這個電話。有什麼可以幫你的嗎？
2001	老闆！怎麼了？我在看棒球比分。需要什麼嗎？
2002	啊，是你。我現在有幾件事要忙，但我會抽出時間的。什麼事？
2003	哦，嗨，老闆。我沒想到你會給我打電話……我能幫什麼忙？
2004	什麼事？是你啊。你又想幹什麼？
2005	你好！我正在梳洗。什麼風把你吹來可愛的小姐這了？
2006	晚上好。你的電話在我的日程表上。我們直接談正事吧。我能幫上什麼忙？
2007	呃，你好，老闆。你……需要我做什麼嗎？
2008	你好。我想你是有什麼具體事情要討論吧？
2009	嘿，老闆！正在鍛鍊，有什麼事嗎？需要提示嗎？
2010	你打電話的時間真奇怪。一定有急事。說吧。
2011	你好，先生。我……嗯，今天能為你效勞嗎？
2012	是你啊。如果是重要的事，我聽著呢。
2013	老闆！我怎麼會突然接到這個電話？想念我的聲音？
2014	你的時機把握一如既往地無懈可擊。我如何支援我們今天的目標？
2015	哦，你好。他現在在辦公室……你知道的，你的辦公室。也許你最好去找他？
2016	他現在就在辦公室，在你的領導下工作。直接聯絡他可能會更有效率。
2017	嘿！他正在你的辦公室努力工作呢！給他的辦公電話打個電話，他可能會更快接聽。
2018	這是他的私人電話。他現在正在你辦公室的辦公桌前。我建議你直接打到那裡與他通話。
2019	你好，她現在不在，她在辦公室工作，我是說你的辦公室。也許你可以試試她辦公室的電話？
2020	她目前正在你的指導下辦公。最好直接在那裡聯絡她，而不是透過這條私人熱線。
2021	她現在就在你的辦公室。試著聯絡她，她肯定會接的！
2022	她現在正在你的辦公室勤奮工作。在那裡直接聯絡她最為合適。
2023	銷售主管
2024	品牌經理
2025	銷售經理
2026	運營經理
2027	物流協調員
2028	裝置經理
2029	供應鏈分析師
2030	品質控制
2031	研發科學家
2032	產品開發
2033	科學家
2034	人力資源經理
2035	公共關係經理
2036	薪酬專員
2037	審計師
2038	風險管理專家
2039	軟體開發人員
2040	IT 專案經理
2041	技能
2042	領導力
2043	活動運營
2044	研發
2045	人事管理
2046	財務
2047	資訊科技與系統
2048	無
2049	銷售與營銷
2050	你打算給公司取什麼名字？
2051	公司名稱
2052	完成輸入
2053	創立公司
2054	與極道有聯絡
2055	所有權比例
2056	小型企業
2057	中型企業
2058	大型企業
2059	最初目標
2060	起始費用
2061	過高的所有權會嚇跑投資者，過低的所有權會讓你可能被自己的公司解僱。
2062	冷漠
2063	好奇
2064	興趣
2065	激動
2066	狂熱
2067	預期反應
2068	建立公司
2069	CEO 模式
2070	啟動資金
2071	資金不足
2072	輸入公司名稱
2073	首次公開募股
2074	你想參加首次公開募股嗎？這樣我們就能率先以較低的價格購買公司股票。
2075	最低投資額為 {global.ipo_minimum}。
2076	你沒有足夠的錢來創辦公司。
2077	我們將在 <global.nameme> 上投資多少？
2078	你剛剛收到一封意想不到的信。你的遠房親戚給你留下了一筆可觀的遺產。有了這筆意外之財，創辦自己的公司這個遙不可及的夢想突然變得觸手可及。你深吸一口氣，踏入了商業世界。
2079	在一家著名技術公司的企業階梯上攀爬多年後，你感到窒息，渴望得到更多。一天晚上，靈感來了。你決定走出陰影，創造屬於自己的事業。帶著積蓄和滿腔熱情，你開始了自己的創業之旅。
2080	作為股票交易的神童，你總是對數字和趨勢瞭如指掌。一天傍晚，看著城市的天際線，一個念頭油然而生……如果你能成為市場本身，為什麼還要玩弄市場呢？你從精明的投資中賺到的積蓄，成為了自己創業的種子資金。
2081	取得優異成績後，人們期待的道路是一份穩定的工作和可預見的生活。但你總是有叛逆的傾向。拋開榮譽和獎項，你拿著助學金，沒有出國深造，而是投身創業世界。
2082	一位學生時代的老朋友，如今已是一位成功的企業家，來訪小鎮。在暢飲和回憶中，他看到了你隱藏的潛力。他問道：“為什麼要默默無聞地浪費呢？”第二天，一張支票和一張紙條——“讓我看看你有什麼本事”——就送到了你的家門口。你的創業之旅就此開始。
2083	一個普通的下午，幸運降臨了——你在彩票中贏得了一大筆獎金！在最初的震驚和喜悅之後，你恍然大悟——這可能就是擺脫平庸生活的入場券。從普通人到充滿希望的企業家的旅程就此開始。
2084	難得的機遇
2085	<global.nameme> 的首次公開募股悄然進入市場，幾乎沒有引起任何反響。悄無聲息地進入市場，潛力尚未發掘。
2086	<global.nameme> 上市了。嗡嗡聲中，目光注視，旅程開始。
2087	<global.nameme> 的首次公開募股掀起了波瀾。雖未掀起風暴，但已泛起漣漪。投資者請注意。
2088	<global.nameme> 的大膽嘗試。市場騷動，股票攀升。期待不斷升溫。
2089	<global.nameme> 的首次公開募股在市場上掀起風暴！萬眾矚目，金融奇觀！
2090	總部
2091	營運部
2092	銷售與市場營銷部
2093	研發部
2094	人力資源部
2095	財務部
2096	資訊科技與系統部
2097	總部是決策中心，行政領導層在這裡制定戰略計劃，做出關鍵決策，並監督公司的整體業績。
2098	營運部確保日常活動的無縫執行，最佳化流程，提高效率、質量和成本效益，以滿足客戶需求。
2099	銷售與市場營銷部的任務是推廣品牌和創造收入，透過創新戰略提高知名度並推動客戶參與。
2100	研發部的工作重點是創新、開發新產品和改進現有產品，以保持公司的競爭力和領先地位。
2101	人力資源部（HR）以員工管理為中心，從招聘、培訓到福利，確保員工隊伍積極向上，並得到良好的支援。
2102	財務部負責管理公司的財務資源、預算編制和投資，確保財政健康和可持續發展。
2103	資訊科技與系統部提供最新技術，確保為所有組織活動提供最佳效能、安全性和支援。
2104	效率
2105	日安！如果你尊敬的 <kuda_name> 正在尋找一位擁有無限熱情和令人印象深刻的古董漫畫收藏的男士，請不要再找了！
2106	大家好，我是一名 PhD 級的智者，雖然我的社交能力……可以說是“有待提高”，但我的天才可以彌補這一點！
2107	嘿，<kuda_name>團隊！如果你正在尋找具有“創意”會計魅力的人才，那你就中大獎了。
2108	尊敬的同事們，我的頭腦和魅力都從 10 分提升到了 11 分。很高興有可能把 <kuda_name> 作為我新的職業家園！
2109	你好！想象一下，一個像圖書館一樣安靜，但又像海狸一樣高效的團隊成員。這就是我，很高興能加入 <kuda_name>！
2110	你好 <kuda_name>，在二進位制世界裡，我是許多“0”中的“1”。隨時準備程式設計、計算，偶爾也煮煮咖啡。
2111	你好！如果 <kuda_name> 已經準備好迸發創意和展現天后風采，那麼宇宙已經回應了你的祈禱！
2112	我的魅力可與山口百惠媲美，我的精神與東京的夜生活一樣充滿活力，我是 <kuda_name> 所需要的新鮮空氣！
2113	我想表達我對 <kuda_name> 職位的濃厚興趣。我的熱情雖然並不總是以傳統的方式體現出來，但它植根於我對職業旅程的深刻承諾。
2114	親愛的 <kuda_name> 團隊，我在資料分析和問題解決方面的專業知識符合貴公司的需求，我渴望為貴公司做出貢獻。
2115	你們好！我很高興能加入 <kuda_name>。我朝氣蓬勃，親力親為，這一切都將為團隊增添活力。
2116	我申請將我的經驗和獨到的戰略規劃技能帶到 <kuda_name>，我相信我的貢獻將推動創新和增長。
2117	我有興趣應聘 <kuda_name>，我相信自己勤奮而不失穩重的性格可以為團隊帶來積極的活力。
2118	對於尊敬的 <kuda_name> 團隊，我的技術和分析能力隨時恭候你的大駕，隨時準備在你的運營中推動創新和效率。
2119	日安，加入 <kuda_name> 這個充滿活力的團隊的前景令我興奮不已。我生動活潑的性格和富有創造力的工作方法將為我留下難忘的印記。
2120	我熱切希望能為 <kuda_name> 做出貢獻，我擁有精湛的技能、分析能力和領導力，這些都是透過優異的學業成績和課外活動磨練出來的。
2121	我熱切希望加入 <kuda_name>。我對工作兢兢業業，充滿熱情，同時我也願意不斷學習，在專業上不斷成長。
2122	我寫信申請 <kuda_name> 的職位。我有很強的分析能力和對細節的關注，我相信我有能力為貴團隊做出有效貢獻。
2123	我很高興有機會成為 <kuda_name> 的一員。我有熱情和強烈的事業心，並有在團隊環境中工作的經驗。
2124	我有興趣在 <kuda_name> 探索工作機會。我的經驗，加上我先進的分析和領導技能，使我能夠為貴公司做出有價值的貢獻。
2125	我寫信來表達我對 <kuda_name> 公司現有職位的興趣。我是一個勤奮的人，雖然我可能比較沉默寡言，但我會全力以赴為團隊的成功做出貢獻。
2126	我申請這一空缺職位，相信我的分析能力和技術專長能夠為實現我們的共同目標做出貢獻。
2127	我最近在 <kuda_name> 遇到了一個令人興奮的機會。我充滿活力和創造力，一定能為充滿活力的工作環境做出貢獻。
2128	我對加入 <kuda_name> 表示濃厚的興趣。我的學術成就和領導經驗使我具備瞭解決問題和戰略規劃的重要技能。
2129	你好……我注意到 <kuda_name> 有職位空缺。我不是最有經驗的，但我很熱心，而且我收集了一些稀有郵票。我能申請嗎？
2130	我得知 <kuda_name> 有一個職位空缺。我的技術能力很強，但社交不是我的強項。我可以在智力方面做出貢獻。
2131	你們好！聽說 <kuda_name> 是個好地方！我不是書呆子，但我是每場派對的主角，對所有棒球資料都瞭如指掌。我能加入嗎？
2132	我對 <kuda_name> 的前景很感興趣。我的資歷是一流的，我的成就不言而喻。我相信雙方的合作會互惠互利。
2133	你好，我看到了 <kuda_name> 的招聘啟事。我很害羞，也不是天才，但我很努力。我能勝任嗎？
2134	你好。我精通自己的技術領域，但不太擅長社交場合。我相信我的技能符合 <kuda_name> 的目標。
2135	咯咯，我聽說 <kuda_name> 在招人。以我的優雅和魅力，我可以為團隊帶來優雅的氣息。我們可以開始了嗎？
2136	我正在考慮 <kuda_name> 的職位。我的學術和社會成就使我成為本領域的佼佼者。我願意就如何做出貢獻進行討論。
2137	你不會後悔的！
2138	開始工作吧！
2139	謝謝老闆！
2140	收集稀奇古怪的新奇物品。
2141	喜歡製作模型飛機。
2142	喜歡獨自玩棋盤遊戲。
2143	時尚感有問題。
2144	自豪地穿著不配套的襪子。
2145	製作複雜的拼圖模型。
2146	收藏了許多古怪的復古帽子。
2147	收集經典漫畫。
2148	經常逛商場，但得分總是最低。
2149	在修剪盆景中找到慰藉。
2150	擁有一套古怪的機器人玩具收藏。
2151	老爺車修復愛好者。
2152	無聲電影愛好者。
2153	以逛古董店聞名。
2154	古錢幣收藏家。
2155	經常光顧古色古香的小咖啡館。
2156	收集勺子，認為它們“被低估了”。
2157	以閱讀字典為樂。
2158	“貓斯拉是我的靈魂動物。”
2159	“那些漫畫……他們的世界，我的避難所。”
2160	“我把地下室變成了堡壘……為了戰略性的孤獨！”
2161	閱讀程式設計書籍。
2162	利用週末時間編寫小遊戲。
2163	週末狂看動漫。
2164	擁有每款古姆丹車型。
2165	喜歡破解複雜的演算法。
2166	對 70 年代的動畫片瞭如指掌。
2167	天文學愛好者。
2168	擁有一本小眾科幻雜誌的每一期。
2169	無線電愛好者，以解碼訊號為樂。
2170	喜歡黑白電影。
2171	推理小說迷。
2172	在幾分鐘內還原魔方。
2173	夜觀星象，日逛書店。
2174	知道圓周率前 100 位數，卻記不住自己的電話號碼。
2175	製作火箭模型，但還沒有飛起來過。
2176	擁有摺紙黑帶。
2177	擁有“尷尬沉默”博士學位。
2178	用工具包製作了自己的第一臺收音機，現在仍在收聽技術講座。
2179	“在書中，我穿越了銀河系；在現實中，我還在努力離開我的房間。”
2180	“我在寂靜的書房和書籍中找到了慰藉。”
2181	“我計算出了我輸過的每一盤棋的精確獲勝策略。”
2182	總是在健身房或看棒球比賽。
2183	從不缺席相撲比賽。
2184	卡拉 OK 之王。
2185	嘗試復刻烹飪節目中的食譜，效果不佳。
2186	熱衷於街頭賽車，但從未贏過。
2187	擊球籠的常客。
2188	無法抗拒好的拉麵店。
2189	收藏的棒球帽越來越多。
2190	對詩歌情有獨鍾。
2191	環球旅行者。
2192	鐵桿棒球迷。
2193	經常可以在當地的遊戲機廳裡找到。
2194	足球愛好者。
2195	當地一家電臺的週末 DJ。
2196	有一次在棒球賽上吃了 20 個熱狗，至今仍引以為豪。
2197	聲稱他發明了一種新的棒球投法。
2198	認為足球是一種個性特徵。
2199	相信俯臥撐能包治百病。
2200	“給我一個球和一塊地，我就給你變個魔術。”
2201	“在每一個歡呼的人群中，都有我書寫的勝利故事。”
2202	“有一次打出全壘打，不小心打碎了一扇窗戶，但觀眾很喜歡！”
2203	喜歡下棋和讀詩。
2204	閱讀哲學。
2205	葡萄酒俱樂部成員。
2206	參觀藝術畫廊。
2207	擁有各種黑膠唱片。
2208	欣賞陳年威士忌。
2209	擁有一個初版小說圖書館。
2210	將棋大師。
2211	他的家是經典藝術品的聖地。
2212	喜歡書法。
2213	對歷史文物有濃厚的興趣。
2214	精通五種語言；有時會同時講五種語言。
2215	喜歡美食和古典音樂。
2216	會拉小提琴。
2217	相信他的貓 Whiskers 先生是個商業奇才。
2218	18 歲時以不敗戰績退出國際象棋生涯。
2219	能解複雜方程，但仍在數手指。
2220	有在還原魔方的同時做數獨的多工處理能力。
2221	“我計算生活中的問題就像下將棋一樣，永遠領先三步。”
2222	“在數字和理論的複雜舞蹈中，我找到了自己的節奏。”
2223	“效率和精確是我的中間名。我將成功簡化。”
2224	喜歡編織。
2225	在水彩畫中尋找慰藉。
2226	喜歡閱讀安靜舒適的偵探小說。
2227	喜歡老式浪漫電影。
2228	暗地裡喜歡武士動作片。
2229	盆景鑑賞家。
2230	喜歡在公園裡靜靜地散步。
2231	木偶劇的忠實粉絲。
2232	有一個美麗的錦鯉池塘。
2233	享受寧靜的月夜。
2234	對流浪貓心存憐憫。
2235	喜歡園藝。
2236	社群讀書俱樂部成員。
2237	每個週末都為她的毛絨玩具舉辦茶話會。
2238	痴迷於室內植物，卻無法養活任何植物。
2239	收集油漆樣品，但從不塗刷。
2240	黑暗料理專家。
2241	業餘時間喜歡數天花板上的瓷磚。
2242	“圖書館的寂靜？讓我如沐春風。”
2243	“在花園裡，在我的花叢中，我找到了慰藉。”
2244	“我給貓織毛衣……而且我是資料分析的奇才。”
2245	數獨大師。
2246	數學奇才。
2247	熱愛科幻。
2248	擁有觀星望遠鏡。
2249	閒暇時間喜歡看星星和漫畫。
2250	晚上閱讀科幻小說。
2251	國際象棋俱樂部冠軍。
2252	編寫小遊戲。
2253	演歌的忠實粉絲。
2254	科幻小說收藏家。
2255	對傳統茶道情有獨鍾。
2256	經常去當地圖書館。
2257	在安靜、風景優美的地方尋找慰藉。
2258	認為高跟鞋是個陰謀，什麼時候都穿運動鞋。
2259	機器人級別的天才；烤麵包機級別的社交能力。
2260	閱讀哲學，試圖在茶餘飯後解開人生之謎。
2261	在城市燈光下的午夜漫步中找到慰藉。
2262	沉浸在週刊漫畫的世界中。
2263	“天文望遠鏡揭開了遙遠星系的神秘面紗，但人類仍然是個謎。”
2264	“數學競賽是我的樂園，方程式是我的玩伴。”
2265	“我可能會害羞，但我的科學展獎盃不會。”
2266	喜歡水療和時裝秀。
2267	在原宿總能看到她的身影。
2268	有一抽屜的紅色口紅。
2269	完美無瑕地演唱流行歌曲。
2270	自詡為時尚偶像。
2271	愛吃麻糬，是出了名的嗜甜如命。
2272	每場流行音樂會都坐前排。
2273	沉迷於抓娃娃機。
2274	活潑的舞者。
2275	週末會去尋找最時尚的時裝店。
2276	在夜場很受歡迎。
2277	意外的能劇迷。
2278	以時尚潮流著稱。
2279	交際花。
2280	高跟鞋與魅力。
2281	衣櫥裡裝滿了華麗的禮服，卻只穿運動褲。
2282	製作手工珠寶，相信每一件珠寶都有一個故事。
2283	我夢想成為偶像。
2284	“每一面鏡子都是一個舞臺，每一次反射都是一場表演。”
2285	“生活就像T臺，親愛的，而我負責領銜。”
2286	“我是舞會皇后……還是辯論社社長。”
2287	領導一個讀書俱樂部。
2288	報名參加書法班。
2289	動物收容所的志願者。
2290	技藝精湛的鋼琴家。
2291	擁有一套精緻的茶具收藏。
2292	精通三門語言。
2293	經常去爵士俱樂部。
2294	接受過插花培訓。
2295	在詩歌比賽中擁有誘人而神秘的光環。
2296	酷愛國際象棋。
2297	優雅而神秘。
2298	熱衷於傳統插花。
2299	欣賞交響樂。
2300	散發出優雅的氣質。
2301	喜歡古典文學。
2302	每天讀一本書；認為電視是“過眼雲煙”。
2303	智商爆表，泡茶技術卻不怎麼樣。
2304	辯論冠軍，每天早上與鬧鐘爭論不休。
2305	“每一個方程式，都是一段旋律。每一個定理，都是一首十四行詩。”
2306	“思想的交響樂，每一個想法都是傑作。”
2307	“班級第一，學生會主席，天生的領導者——這就是我。”
2308	精度
2309	按精度等級
2310	經驗
2311	致電家中
2312	致電辦公室
2313	<fullname> 當前不在工作場所。請在工作日再試一次。
2314	老闆，你找我？
2315	你好。我接到了你的電話。請問有什麼可以幫助你最佳化我們的運營效率？
2316	嘿，老闆！你按鈴了？
2317	大家下午好。我來這裡是為了解決你們所關心的問題並探討你們所希望獲得的機會。
2318	不好意思，你找我？
2319	下午好。你想談點什麼嗎？
2320	好了，我到了，一如既往地光彩照人！怎麼樣？
2321	下午好。我們可以開始討論手頭的問題了嗎？
2322	老闆好。你需要我嗎？
2323	你來電話了，老闆？如果需要，我有最新的資料見解。
2324	你好，長官！今天有什麼事嗎？
2325	下午。準備就緒。
2326	我，嗯，儘快趕到。
2327	下午好。準備好全面更新了嗎？
2328	親愛的老闆，想我了嗎？
2329	下午好。渴望合作，共創下一個成功。
2330	重新分配
2331	終止
2332	好的，我，呃，我等著你的下一步指示，老闆。
2333	贊成。等待進一步指示。
2334	收到，老闆！很想知道你下一步會把我安排在哪裡！
2335	明白。我隨時待命，等待你的下一步戰略行動。
2336	好吧……我就等著下一步該怎麼做……
2337	確認。等待下一個任務。
2338	知道了，親愛的！迫不及待想知道你下一步需要我去哪兒了！
2339	已確認。我為下一章做好了準備。
2340	好的，嗯，隨時待命，老闆。
2341	已注意到。我將等待後續指示。
2342	沒問題，長官！只要你一聲令下，我就去！
2343	當然。我會為下一步做好準備。
2344	哦，好吧……我會，嗯，準備好的……
2345	明白。等待新指令。
2346	沒問題，甜心！我洗耳恭聽下一個大計劃！
2347	當然。熱切期待我們的下一次冒險。
2348	你真的想讓我走？
2349	這是最終決定嗎？
2350	那麼，我的路到此為止了嗎？
2351	確認，終止合同嗎？
2352	你……你確定嗎？
2353	這是不可逆轉的嗎？
2354	親愛的，這是真的嗎？！
2355	這是我們最後的交流嗎？
2356	哦，嗯，那好吧。我想我會收拾好我的東西……
2357	明白。我馬上開始交接工作。
2358	真掃興！每個結局都是新的開始，不是嗎？
2359	我尊重你的決定。在這裡工作是我的榮幸。
2360	哦……好吧。那我去收拾桌子。
2361	我明白了。我會收拾好自己的東西，馬上離開。
2362	真遺憾，但生活還得繼續，親愛的！
2363	一個令人遺憾的決定，但我理解。永別了。
2364	那，就這樣了，嗯？
2365	就這樣，我被解僱了？
2366	就這樣被開除了？
2367	你要終止我的合同嗎？
2368	我就這樣被解僱了？
2369	我的解僱得到確認了嗎？
2370	開玩笑吧。你真的想解僱我？
2371	這是正式解僱嗎？
2372	哇，好吧……沒想到會這樣。那我收拾一下。
2373	我必須說，這很出人意料。非常好。
2374	哎喲，這很傷人。好了，再見吧。
2375	多專業啊。老實說，我還以為會得到更多的尊重。
2376	我……明白了。我沒想到會這樣。
2377	真不敢相信。好吧，我先走了。
2378	你是認真的？這……出乎意料。
2379	這太令人失望了。我以為這支團隊會更好。
2380	真的嗎？呼，我還以為我完蛋了！
2381	謝謝你重新考慮。我會集中精力改進的。
2382	太好了！你說得我滿頭大汗！
2383	我很高興能有機會再做貢獻。
2384	哦，天哪，謝謝你！我保證會做得更好。
2385	我很感謝第二次機會。
2386	就知道你會忍不住把我留在身邊！
2387	很好的選擇。讓我們繼續共創輝煌。
2388	沒想到你會改變主意……謝謝你，我想。
2389	緩刑？我承認，我很驚訝。
2390	從邊緣回來了！我還以為我死定了！
2391	明智的重新考慮。我相信這不會是徒勞的。
2392	那麼，還有機會嗎？謝謝。
2393	第二次機會，嗯？我沒想到會這樣。
2394	我就知道你在耍我！
2395	有意思……看來我低估了你。
2396	表揚併發放獎金
2397	哇，獎金？你確定這是給我的？這……哇，謝謝！
2398	感謝你的認可。感謝你的獎金。
2399	嘿，獎金！你真會讓人覺得自己很特別！
2400	我必須說，這筆獎金是對我的充分肯定。謝謝你。
2401	哦，嗯，獎金？給我的？非常感謝！
2402	獎金是一種值得讚賞的姿態。感謝你認可我的努力。
2403	哦，天哪，獎金！真是太高興了！謝謝你，親愛的！
2404	這筆獎金是你卓越領導力的最好證明。謝謝。
2405	我沒想到會有額外的報酬。這太棒了，謝謝你！
2406	我的工作又多了一筆錢……感謝你的認可。
2407	獎金？你剛剛讓我開心了一天！不，是一週！非常感謝！
2408	獎金總是令人驚喜的。感謝你的認可。
2409	你給我額外的？我……我不知道該說什麼。謝謝！
2410	我注意到這一額外補償，並對此表示感謝。謝謝。
2411	額外的現金？你太好了！我真想抱抱你！
2412	我對這筆獎金感到欣慰和榮幸。你的慷慨是無止境的。
2413	員工幸福感
2414	薪水
2415	薪水等級滿意度
2416	按幸福等級
2417	你今天已經打過電話了。別煩人了。
2418	訓斥
2419	提升
2420	休假
2421	培訓
2422	對不起，老闆……我會盡量不再搞砸……
2423	我瞭解這些問題，並將立即予以解決，先生。
2424	哦，小差錯，是吧？沒什麼大不了的，老闆，我會解決的！
2425	我承擔全部責任，並保證立即糾正。
2426	哦，我……真的很抱歉，我會更加努力的……
2427	我已經更正了錯誤。以後不再重犯。
2428	哎呀！人無完人，對吧？我會改正的，我保證！
2429	我將盡快糾正這一錯誤。請原諒我的疏忽。
2430	真的嗎？我在這裡做了這麼多，就得到這樣的感謝？
2431	我精心計算了每一步。這不公平！
2432	得了吧！我對這份工作傾注了全部心血！
2433	我必須抗議這種無端的批評。
2434	我這麼努力，你就這樣對待我？
2435	每一個公式，每一個等式都被反覆檢查。這是一種侮辱！
2436	我不會犯錯的，親愛的。也許你搞錯了？
2437	你說什麼？我的作品一直都是最高標準的！
2438	真的嗎？我……謝謝你。我沒想到……
2439	一個休息和反思的機會。謝謝。
2440	你是最棒的，老闆！我去收拾行李！
2441	感謝你的考慮。現在是振興的黃金時期。
2442	度假？給我的？謝，謝謝你的好意……
2443	休息對提高效率至關重要。感謝你的理解。
2444	哦，親愛的，你讓我今天過得很開心！興奮過頭了！
2445	適時的間歇，為即將到來的勝利充電。感恩。
2446	培訓？我希望我能跟上其他人的步伐……
2447	這是我擴充套件知識的絕佳機會。我很感激。
2448	學習時間！也許我最終會搞清楚自己到底在做什麼，哈哈！
2449	這是一個提高我專業知識的機會。非常感謝。
2450	還要學習？我會……我會盡力不讓你失望……
2451	我珍惜每一次學習機會。謝謝你。
2452	新技能？親愛的，準備好大吃一驚吧！
2453	每一次學習機會都是向完美邁出的一步。永遠感恩。
2454	我們教不了 <global.humannam> 任何東西了。
2455	<global.humannam> 現在沒有精力學習。
2456	我們可以擴大 <name> 部門。這將花費我們 {priceviddil} 的成本。
2457	我們的部門已經成功擴大！現在我們還需要一個管理職位。
2458	我在想，也許是時候休息一下了……對我來說？你覺得呢？
2459	我積攢了一些假期，想用來進行個人學習。
2460	老闆，我想去看棒球決賽。能請個假嗎？
2461	我需要休假，以恢復和最佳化我的工作效率。
2462	我……嗯，想請幾天假，可以嗎？
2463	我需要請學術假。
2464	親愛的，我需要休息，需要一點陽光和新鮮空氣！
2465	我正在考慮短暫的休整，以重新調整和加強我的注意力。
2466	哦，真的嗎？謝謝！我保證我不在的時候不會弄得一團糟！
2467	已確認。我將確保在我不在的情況下管理好我的職責。
2468	你是最棒的，老闆！等不及要去海灘了！
2469	感謝你的理解。這次休息將最佳化我之後的表現。
2470	太謝謝你了！我會給你帶點紀念品的！
2471	非常感謝。我將利用這段時間豐富自己的知識。
2472	你真是個天使！我已經能感覺到陽光了！
2473	感激之情溢於言表。這次緩刑將擴大我今後的貢獻。
2474	呃，好吧……是我說錯了什麼嗎？我可以留下，沒什麼大不了的。
2475	明白。我會相應推遲我的計劃。
2476	哦，來吧，老闆！海浪在呼喚我的名字！
2477	雖然令人失望，但我尊重你的決定，並將推遲我的計劃。
2478	哦，好吧。下次吧？
2479	雖然我仍然需要恢復智力活力，但我還是服從了。
2480	取消？但是親愛的，我已經選好泳衣了！
2481	我們尊重你的決定，但顯然仍有必要休會。
2482	啊，嗨。那麼，我來這裡有一段時間了，我希望我們能，你知道的，談談我的薪水問題。
2483	我的貢獻很大。調整工資以反映這一點是合理的。
2484	你知道這裡就是我的生命，多給我一點薪水怎麼樣？
2485	考慮到我的貢獻，應該重新評估我的工資。
2486	我在想，嗯，我的薪水是否可以考慮一下？
2487	有必要重新評估我的報酬。
2488	女孩都有需求，而且不便宜。漲工資？
2489	有必要對薪酬進行審查，以反映我的貢獻。
2490	哦，真的嗎？謝謝！我保證會努力做到物有所值。
2491	謝謝。感謝你的公正。
2492	你是冠軍，老大！第一輪我請！
2493	非常好。感謝你的認可。
2494	哦，太謝謝你了！我保證會更加努力的。
2495	你的同意是合乎邏輯的，我對此表示讚賞。
2496	你太好了！瘋狂購物，我來了！
2497	我注意到並感謝你的同意。
2498	這也太小氣了吧？
2499	要知道，目光短淺可不是什麼美德。
2500	真殘酷，老闆。
2501	你缺乏遠見……令人失望。
2502	那……好吧，我想。
2503	我沒有意識到我的價值會被低估。
2504	那麼，我們是不是很節儉？
2505	這是一個令人遺憾的決定，表明了更廣泛的組織性近視。
2506	這裡……呃，很有趣，但我找到了另一份工作。不是你的錯，而是我的。其實也有一點是你的。
2507	我在其他地方獲得了一個研究職位。我相信這是我職業生涯的一個合理步驟。
2508	朋友，我有機會成為職業球員！棒球，不是辦公球，哈哈！我不玩了。
2509	一個符合我職業軌跡的機會出現了。是時候轉型了。
2510	我發現了一些……不同的東西。所以我要走了。對不起。
2511	我正在過渡到一個更符合我的技能和抱負的崗位。
2512	親愛的，有好戲看了！不能錯過這個機會。噹噹！
2513	一所令人尊敬的大學向我發出了錄取通知書。這與我的願望不謀而合。
2514	我不能再這樣下去了。太難受了，連我家裡的植物都枯萎了。
2515	這裡的智力刺激不夠，工作量也不合邏輯。我要辭職。
2516	天啊，這地方真煩人。我支援努力工作，但這？我受夠了。
2517	這裡的低效率和缺乏創新令人窒息。我必須離開這裡。
2518	這個地方只是……我受不了了。對不起，我要走了。
2519	這樣的環境讓人窒息。我要辭職。
2520	這地方有毒。連我的皮膚都開始過敏了！我走了。
2521	這裡缺乏創新和壓抑的工作量會適得其反。我辭職。
2522	支付薪水
2523	我們可以建立 <name> 部門。這將花費我們 {priceviddil}。
2524	建立部門
2525	該部門已建成!
2526	這將使我們能夠擴大自己的生產規模，提高產品質量。
2527	這將有助於我們監測員工的狀況。
2528	這一改進有助於更好地控制我們的股票價格。
2529	這將有助於我們推廣產品和發展品牌聲譽的工作。
2530	我們將有能力開展自己的研究，創造尖端技術。
2531	我們將能夠利用先進技術來發展我們的公司。
2532	員工智力對本部門的增益等級。
2533	員工精度對本部門的增益等級。
2534	員工魅力對本部門的增益等級。
2535	我們公司已經發展壯大，需要發展人力資源部門。這樣我們才能更好地管理員工。
2536	我們的產量不夠。是時候擴大我們的運營部門了。
2537	我們的公司可以更先進。也許我們應該擴大研究部門？
2538	我們的產品缺乏廣告宣傳。我們需要發展營銷部門。
2539	我們越來越難以掌握市場形勢。我們需要發展我們的財務部門。
2540	加速
2541	部門
2542	檢視候選人
2543	期望工資
2544	僱用
2545	拒絕
2546	高階市場調研
2547	深入瞭解客戶偏好和市場趨勢，推動未來的產品開發和營銷戰略。
2548	不可用
2549	需要營銷部門。
2550	需要業務部門。
2551	需要人力資源部門。
2552	需要研發部門。
2553	需要運營和研發部門。
2554	需要財務部門。
2555	交談
2556	我們要談什麼？
2557	提供工作
2558	對不起，但我的工作終於穩定了。不能冒險，你知道嗎？
2559	謝謝，但我現在的工作確實能滿足我的智力需求。
2560	不，夥計，我的工作很酷。我可以免費看棒球比賽！
2561	遺憾的是，我必須拒絕。我目前的專案太重要了。
2562	哦，那很好，不過我……嗯，我對我現在的工作沒意見。
2563	你的提議我很感激，但我對目前的職位很有成就感。
2564	哦，親愛的，我的工作已經很棒了。謝謝你還想著我！
2565	謝謝你，但我要履行我目前的職責。他們需要我。
2566	我很感激，但是……你確定你能管理好一家公司嗎？我還是算了吧。
2567	老實說，我不相信你的計劃在……邏輯上是正確的。我必須拒絕。
2568	夥計，開公司？你總是在做瘋狂的事。我在這裡很好。
2569	鑑於你的商業頭腦，我仍然持懷疑態度。因此，我不能接受。
2570	我真的不確定……這是件大事，我不知道你是否能……對不起！
2571	我很懷疑你的業務能力。無意冒犯，但我還是算了吧。
2572	做生意？很可愛，但我覺得你做不來。我說不行。
2573	我看過你的成果。不錯，但還沒達到我的水平。所以，不行。
2574	反正我的工作也很累。我想幹點新鮮事。我們開始吧！
2575	我現在的工作已經沒有挑戰性了。我對你的提議很感興趣。
2576	開什麼玩笑？我的工作太無聊了。讓我們改變一下吧！
2577	一個在新環境中發揮我的技能的機會？很有意思。我接受。
2578	我想，嘗試一些新事物可能是件好事……好，我加入。
2579	我目前的工作很平凡。你的提議聽起來是一個必要的改變。
2580	這份工作？無聊透頂。你的提議呢？令人興奮！就這麼辦！
2581	我一直在尋找挑戰。你的提議很有希望。好啊。
2582	和你一起工作？聽起來很不錯！算我一個！
2583	和你一起工作會是個有趣的改變。我接受。
2584	一起工作，然後一起喝酒？這才對嘛！我加入！
2585	能有機會與你這樣的智者合作，我無法抗拒。我同意。
2586	和你一起工作？聽起來真……不錯。好的，謝謝。
2587	和你一起工作？那可能會很有趣。我同意。
2588	一起工作？聽起來像做夢一樣。交給你了！
2589	和你這樣有能力的人結盟？我同意！
2590	意想不到的對話
2591	公司運營順利。
2592	舉辦冷靜會議，以提高你的評級和公司對投資者的吸引力。
2593	冷靜會議更有效。
2594	免於被解僱，成為公司的負責人。
2595	提高效率的能力。
2596	擴建生產設施的成本降低 30%。
2597	擴大生產設施不會失敗。
2598	公司發展加速。
2599	高階營銷活動能力。
2600	高階營銷活動的成本降低 30%。
2601	高階營銷活動不會失敗。
2602	品牌知名度超過 80%，投資者的炒作熱情就會增加。
2603	在研發部門發明新產品。
2604	每月研發點數增加 30%。
2605	創造新一代產品的能力。
2606	即使公司虧損，研發點數也會略有積累。
2607	所有員工都能立即獲得獎金。
2608	員工自主管理休假，替補人員為其工作效率的 50%。
2609	更多的月度候選人；大量獎金總是能讓員工滿意。
2610	當工作能量超過 70% 時，員工會自動訓練。
2611	能夠進行專利組合擴充套件研究。
2612	專利組合擴充套件成本降低 30%。
2613	提高效率的成本降低 30%。
2614	節省的資金使儲備金補充增加了 30%。
2615	每天積累研發點數。
2616	遠端工作：一些員工可以遠端工作，替補休假的員工（效率 +50%）。
2617	公司中所有智力超過 70 的角色都會積累額外的每日研發點數。
2618	所有研發研究過程都得到了加快。
2619	冷靜會議
2620	冷靜會議是我們在坎坷時期安撫投資者的方式。我們陳述事實，分享成就，討論未來計劃，以樹立信心，調整我們的願景。
2621	每年一次
2622	總部的運作效率至少應達到其潛在效率的 40%。
2623	你們今年已經舉辦了這樣的活動。
2624	好了，我要開始給投資者打電話了。
2625	你想立即舉辦這次活動嗎？
2626	儘管我們在冷靜會議期間做出了努力，但投資者仍對公司的發展軌跡持懷疑態度。
2627	與投資者的冷靜會議富有成效。雖然他們表達了一些擔憂，但他們願意看看我們提出的戰略是如何展開的。
2628	冷靜會議取得圓滿成功！投資者對我們的未來計劃充滿信心和熱情。
2629	警報！董事會中有人竊竊私語，對你的領導能力表示擔憂。他們正在考慮更換管理層。解決這個問題並證明自己的能力至關重要。
2630	警報！董事會對你的領導能力感到不安。然而，作為主要利益相關者，任何反對你的舉動都會對股票價值和公司聲譽造成負面影響。請謹慎行事，考慮解決他們的擔憂。
2631	經過深思熟慮並對你的表現進行審查後，董事會一致決定解除你的公司執行長職務。我們感謝你的服務，並祝願你在未來的工作中一切順利。
2632	我們一直在密切關注公司的發展軌跡，遺憾的是，我們越來越擔心公司在你領導下的發展方向。我們懇請你考慮辭去董事職務。請為我們共同的未來考慮。
2633	我們感謝你的理解和以公司利益為重的意願。這充分體現了你的專業精神和奉獻精神。我們向你保證，我們將順利進行過渡，並將堅持我們尊敬的組織的價值觀。
2634	儘管我們明確表達了關切，但你還是決定堅持自己的立場，這既令人失望，也令人擔憂。請記住，衡量一個領導者的實力，往往不是看他是否固執己見，而是看他是否能夠意識到什麼時候需要改變。我已經警告過你了。
2635	你的方向正在危及我們公司的未來。請重新考慮你的選擇。
2636	這不是一場遊戲。這關係到我們的生計。
2637	你的固執不是領導力，而是自大。請注意我們的警告。
2638	每一個錯誤的決定都會破壞我們對你的信任，即使你持有大部分股份。
2639	你的股份不會給你免費通行證。你必須承擔責任。
2640	你拒絕下臺，讓我們損失了利潤和聲譽。
2641	董事會的耐心不是無止境的。趁為時未晚，趕緊改弦更張吧。
2642	如果你不聽董事會的意見，也許是時候聽聽股價下跌的聲音了。
2643	曾經欣欣向榮的 <global.namemycomp> 現在正處於危機的邊緣。內部人士指出，<global.myname> 的領導是公司衰落的主要原因。
2644	<global.namemycomp> 的股東正處於動盪之中。隨著股價持續下跌，<global.myname> 是否繼續掌舵的問題日益受到關注。
2645	由於 <global.namemycomp> 的未來似乎越來越不確定，東京的行業分析師們對 <global.myname> 堅守領導地位的決定感到疑惑。
2646	投資者對 <global.namemycomp> 的警惕性越來越高，因為 <global.myname> 即使在公司明顯衰落的情況下仍在繼續掌權。
2647	在 <global.myname> 任職期間，<global.namemycomp> 的業績急劇下滑，這讓投資者和員工都對公司的發展方向深感憂慮。
2648	新產品開發
2649	創造新產品，增加收入，提高品牌知名度。
2650	我們最近推出的產品並沒有達到我們的預期。儘管我們做出了努力，但客戶的反應並不熱烈，銷售額也低於預期。
2651	產品釋出會如期舉行。雖然我們沒有超額完成目標，但與最初的估計相符。市場興趣穩定，銷售額符合我們的預測。
2652	好訊息！我們的產品釋出超出了所有預期！客戶的反饋非常積極，銷售額也超過了我們最初的預測。我們正在市場上大顯身手！
2653	藝術作品
2654	我一直在檢視我們的財務狀況，<global.namemycomp> 的情況不容樂觀。如果我們不立即做出一些改變，我們就會走向破產。我們急需制定一項戰略。讓我們共同面對這個問題！
2655	<global.namemycomp> 的月收入下降，而我們的運營成本卻在增加，這令人擔憂。我們需要仔細研究一下。
2656	我們的債權人開始不安了。<global.namemycomp> 拖欠了幾筆款項。這可能會影響我們的信用評級。
2657	我從員工那裡聽到一些風言風語；由於 <global.namemycomp> 的財務不穩定，員工士氣低落。我們應該在失去寶貴人才之前解決這個問題。
2658	我從沒想過我會這麼說，但我們已經岌岌可危了。<global.namemycomp> 還有幾天甚至幾小時就要破產了。
2659	老闆，令人痛心的是，<global.namemycomp> 已正式破產。我們需要決定下一步行動。
2660	要創辦自己的公司，至少需要 5000 萬日元，總體聲譽超過 4。
2661	你可以建立自己的公司。我們可以開始工作了嗎？
2662	我們收到了有關我們的一款產品的投訴。初步檢查顯示存在缺陷，可能會給消費者帶來安全隱患。我們是否要啟動產品召回並道歉？#這將導致 {global.event_price} 的支出。
2663	好吧，希望一切順利。
2664	那就好。我沒有懷疑你。
2665	作為企業責任的典範，<global.namemycomp> 以潛在的安全問題為由，迅速召回了他們最近的產品系列。消費者安全高於利潤！
2666	有報告顯示，<global.namemycomp> 釋出了一款具有潛在危險的產品，公司內部對此表示擔憂，但管理層卻置若罔聞。客戶現在發出了警告，導致股價下跌，越來越多的人要求立即採取糾正措施。
2667	我們的一位高階管理人員 <rand_human_name> 深陷醜聞。媒體對此議論紛紛，這有損 <global.namemycomp> 的聲譽。我們是否應該公開處理這種情況並解僱 <rand_human_name>？
2668	<global.namemycomp> 在最近受到指控後迅速解僱了 <rand_human_name>，並強調了他們對道德的承諾。
2669	好吧，我來處理。
2670	就這麼定了。
2671	我馬上就去。
2672	知道了，正在處理。
2673	好的，我會解決的。
2674	就它了。交給我吧。
2675	沒問題，我會安排的。
2676	<global.namemycomp> 決定不處理對高管 <rand_human_name> 的指控，這引發了批評，並引發了對企業問責制的質疑。
2677	我們的 IT 團隊建議，我們目前的伺服器已經過時。升級可簡化 <global.namemycomp> 的運營並提高生產率。我們是否要為這些技術升級撥款？需要花費 {global.event_price}。
2678	好訊息！我們按照你的建議升級了 <global.namemycomp> 的伺服器。現在一切執行都順暢多了，團隊也真正感受到了工作效率的提高。你的建議很好！
2679	我們的人力資源團隊推出了一項新的培訓計劃。他們認為，雖然成本高昂，但從長遠來看，這將提高 <global.namemycomp> 的團隊效率和績效。我們是否應該投資這項計劃？費用為 {global.event_price}。
2680	我只是想向你彙報一下我們根據你的批准啟動的新培訓計劃的最新情況。幾天過去了，我必須說，團隊的初步反饋非常積極。他們對自己的角色更有信心了。看來培訓投資將為 <global.namemycomp> 帶來回報。
2681	我們的研發團隊發現一家小公司正在侵犯我們的專利技術。我們是否應該採取法律行動來保護 <global.namemycomp> 的智慧財產權？法律費用將花費我們 {global.event_price}。
2682	我們採取法律行動後，各方反饋不一。公眾的看法是，<global.namemycomp> 的行為就像一個大公司碾壓一個小公司。這導致了一些負面新聞，使我們的品牌聲譽略有受損。但是，在財務方面，我們的投資者很高興我們保護了我們的知識資產，並將其視為強大管理的標誌。
2683	專利情況的最新進展。儘管我們沒有采取法律行動，但這家小公司還是自願停止使用我們的技術。看來他們可能已經知道了我們的擔憂，不想冒任何對抗的風險。
2684	在選擇不採取法律行動後，這家小公司積極利用我們的技術。他們迅速發展壯大，搶走了 <global.namemycomp> 的大部分市場份額。因此，我們公司遭受了明顯的損失。這個決定可能過於寬鬆了。
2685	當地的一個大型活動與我們聯絡。他們為 <global.namemycomp> 提供了一個主要贊助商名額。這是一個提高知名度的絕佳機會，但贊助費用很高。<global.namemycomp> 是否應該投資這項贊助？費用為 {global.event_price}。
2686	活動取得了巨大成功！我們在 <global.namemycomp> 主要贊助商位置上的投資確實得到了回報。我們獲得了廣泛的正面宣傳和品牌認可。這對我們公司的知名度來說是一個很好的舉措。
2687	不幸的是，預期的活動從未實現。組織者似乎消失了，<global.namemycomp> 顯然是被騙了。今後，我們對此類投資要更加謹慎。
2688	政府為像 <global.namemycomp> 這樣參與特定社會活動的公司推出了潛在的稅收優惠政策。我們是否會為了潛在的稅收優惠而參與這些專案？這將花費 {global.event_price}。
2689	我們參與社會活動的決定得到了回報，<global.namemycomp> 成功享受了政府的稅收優惠政策。雖然前期成本較高，但長期的節稅效果使我們認為這筆投資是值得的。
2690	儘管 <global.namemycomp> 懷著良好的願望開展了這些社會活動，但事實證明，這些專案比預期的更加複雜，也更加耗費資源。即使有稅收優惠政策，我們也發現自己已經力不從心。
2691	流行文化，尤其是音樂和電影，正在對年輕人產生巨大影響。與流行偶像合作可以提高 <global.namemycomp> 的知名度。我們是否要發起一場以流行文化偶像為主題的營銷活動？費用為 {global.event_price}。
2692	與這位流行偶像的合作取得了巨大成功！<global.namemycomp> 的品牌知名度直線上升，我們的股票在證券交易所也一路飆升！
2693	不幸的是，我們選擇的流行偶像的醜聞對我們的活動產生了負面影響。預期的品牌知名度提升並沒有實現，合作也未能取得預期的成功。
2694	廉價進口產品充斥市場。<global.namemycomp> 是專注於批次生產以參與競爭，還是維護質量高於數量的聲譽？
2695	質量
2696	快速生產
2697	<global.namemycomp> 選擇堅持其對質量的承諾。客戶和投資者都讚賞這種奉獻精神，從而提高了品牌忠誠度和股票價值。
2698	雖然 <global.namemycomp> 對質量的承諾是顯而易見的，但某些細分市場認為我們的產品略顯昂貴，導致在購買時猶豫不決。
2699	雖然 <global.namemycomp> 成功地以具有競爭力的價格佔領了更廣闊的市場，但客戶的反饋並不一致，一些客戶質疑產品的可靠性。
2700	雖然 <global.namemycomp> 轉向快速生產極大地增加了我們的收入，也讓投資者欣喜若狂，我們的股價飆升就是最好的證明，但市場上也有一些關於我們產品質量下降的雜音。我們在經濟上獲得了收益，但我們的品牌聲譽卻受到了輕微的打擊。
2701	快速生產為 <global.namemycomp> 帶來了回報！收入飆升，投資者歡呼雀躍，股價攀升。然而，有關質量下降的傳聞卻引發了對品牌聲譽的擔憂。
2702	<global.namemycomp> 的幾個部門提出了工資問題。他們認為，與行業標準相比，他們的工資偏低，並威脅要罷工。我們應該提高他們的工資嗎？
2703	<global.namemycomp> 的員工感謝你的加薪。他們很高興聽到你的聲音。
2704	員工們對你的決定非常不滿。
2705	我們的員工正在罷工！我們必須馬上採取行動！
2706	罷工！
2707	我們員工的罷工結束了。
2708	一個著名的電視節目找到我們，希望在其中一集中介紹我們的產品。這不會給我們帶來任何損失，但對該節目的評價褒貶不一。<global.namemycomp> 是否應該合作？
2709	與電視節目的合作提高了 <global.namemycomp> 在更多觀眾中的知名度，從而增加了銷售額。然而，一些長期粉絲對公司與一個聲譽有問題的節目合作表示失望。
2710	<global.namemycomp> 的主要生產單位附近發生強烈地震。生產暫時停止。造成損失。
2711	<global.namemycomp> 的關鍵人物 <rand_human_name> 因個人原因決定辭職。這可能會影響團隊未來幾個月計程車氣。
2712	一場嚴重的暴風雪擾亂了主要地區的物流和運輸，延誤了 <global.namemycomp> 的貨運，並造成輕微的運營中斷。
2713	<global.namemycomp> 的一個主要競爭對手面臨公關危機，大量客戶轉向我們公司尋找替代品。
2714	有人看到一位當地流行歌手自發使用 <global.namemycomp> 的產品。他們龐大的粉絲群可以提高品牌的知名度，即使只是暫時的。
2715	由於不明原因，城市電網的很大一部分出現故障，導致 <global.namemycomp> 的運營出現短期中斷。
2716	與 <global.namemycomp> 的一個產品系列相匹配的一種新的時尚潮流已經出現。年輕人對此趨之若鶩，銷售額可能會激增。
2717	政府表彰了 <global.namemycomp> 對行業和經濟做出的貢獻。我們將舉行一個小型儀式來表彰這一成就。
2718	一場大規模的公共交通罷工正在進行，導致員工上班時間延誤，並可能使 <global.namemycomp> 的運營速度放緩。
2719	城市犯罪率激增影響了員工的安全，並使 <global.namemycomp> 的運營中斷了幾天。
2720	一位高階管理人員的一句不經意的評論在網路上瘋傳，導致 <global.namemycomp> 公司受到負面影響。
2721	公司目前沒有申請人。簡歷列表每月更新。
2722	返回
2723	在 CEO 模式下，將公司等級提升到 <need>。
2724	茁壯成長
2725	建立公司部門
2726	建築師
2727	讓部門以 100% 效率投入工作。
2728	完美主義
2729	商業巨鱷
2730	在自己的公司獲得 {need} 的月利潤。
2731	在自由模式下建立自己的公司
2732	創始人
2733	自由股份限制
2734	無
2735	最小
2736	中等
2737	現實
2738	董事會邀請
2739	增加薪水
2740	我們公司的薪資水平良好。
2741	目前，我們每月向員工支付 {global.now_zp} 薪酬。對於低於市場工資水平的員工，我們可以選擇提高其工資。調整後，我們的月支出將為 {global.budet_zp}。
2742	<global.companyforq> 的董事會成員 <global.myname> 拋售了公司的大部分股份，這一舉動令人驚訝，引發了投資者和分析師的猜測。
2743	<global.myname> 因其在 <global.companyforq> 董事會中的作用而聞名，他們透過增購大量股份大幅增加了在該公司的股份，這表明他們對該公司的未來前景充滿信心。
2744	市場觀察人士正在熱議 <global.companyforq> 的 CEO <global.myname> 出售大量股份的訊息。此舉引發了對公司內部信心和未來發展方向的質疑。
2745	在市場波動的情況下，<global.companyforq> 公司的 CEO <global.myname> 加倍履行了對公司的承諾，購買了大量股票，表明了對公司戰略願景的信心。
2746	經過對你為 <namecompan> 所做貢獻的全面評估，我們遺憾地通知你，董事會決定終止你的董事會成員資格。我們感謝你過去的服務，並祝願你在未來的事業中取得成功。
2747	好訊息！一位頂級投資者剛剛向 <global.namemycomp> 注資 {invest_money}！這改變了我們的遊戲規則。是時候為一些令人興奮的增長和機遇做好準備了。
2748	隨著一款新型影片遊戲機的推出，商店外出現了創紀錄的排隊現象。有傳言稱，這是迄今為止最先進的遊戲機，其畫面“幾乎可以以假亂真”！遊戲玩家們，準備好度過幾個不眠之夜吧。
2749	日本最新的子彈頭列車線路推出了一個可愛的吉祥物：一隻戴著列車長帽子的貓！“迅捷貓”已經深受大人和孩子們的喜愛。
2750	當地一家拉麵店舉辦了一年一度的吃麵比賽。目前的紀錄是 30 分鐘內吃 10 碗。挑戰者們，開動你們的胃吧。
2751	東京最新的時尚潮流讓人眼前一亮——墊肩隨處可見！從商務套裝到休閒裝，這種大膽的風格正在時尚舞臺上佔據主導地位。
2752	大阪的一位壽司廚師用他的甜壽司作品攪動了烹飪界。選單上有巧克力飯糰和水果刺身，將傳統工藝與現代元素相結合。
2753	卡拉 OK 是企業競賽的新戰場。公司不是在會議室裡對決，而是手拿麥克風，唱著流行歌曲。
2754	一位頂級相撲選手將自己的成功歸功於他的非常規飲食，其中包括大量的冰淇淋。粉絲們很感興趣，而營養學家們卻撓頭不已。
2755	一本關於禪宗園藝藝術的書出人意料地登上了暢銷書榜首。似乎每個人都在喧囂的城市生活中尋找一片寧靜。
2756	一個新的偶像組合正以其朗朗上口的曲調和活力四射的表演風靡樂壇。為了一睹新星的風采，粉絲們排起了長隊。
2757	居民們報告說看到了一隻奇特的貓，據說能帶來好運。這隻貓在城市的不同地方出現過，已成為當地的一個傳奇，也是人們爭相拍照的物件。
2758	一座等身的雕像在東京市中心揭幕，它是一部廣受歡迎的動漫系列中的著名機器人。它正迅速成為一個受歡迎的旅遊景點。
2759	這座城市的棒球隊贏得了一項重要的全國冠軍，引發了街頭巷尾的慶祝活動。這支處於劣勢的球隊取得了意想不到的勝利，球迷們歡欣鼓舞。
2760	在酒吧裡，你與一位同伴閒聊，原來他是一位知名投資人。他們被你的願景所鼓舞，表示願意對你的公司進行大筆投資。
2761	在酒吧舉行的飛鏢比賽中，你贏得了勝利。
2762	酒吧裡的健康大師分享了平衡工作與生活的秘訣。實施這些建議後，你會發現自己的健康和工作效率有了顯著提高。
2763	一位房地產中介略帶醉意地向你透露了一處即將上市的位於黃金地段的房產，暗示你購買該房產將是明智之舉。看看房地產中介是個不錯的主意。
2764	驚爆價！
2765	關於我們剛買的那棟房子，我有一些奇怪的訊息。好像有傳言說那裡鬧鬼！房客們都嚇壞了，所以我們得降低租金才能吸引到人。
2766	剛剛得知，我們新房子周圍的鄰居並不像我們想象的那樣安寧。鄰居們都很棘手，這影響了我們出租房子的價格。
2767	原來，我們的新房價格便宜，但也有隱患。有一些嚴重的結構性問題沒有被發現。房地產的價格實際上要低得多。
2768	原來，我們剛買的房子有一段黑暗的歷史。幾年前，這裡曾發生過一起著名的謀殺案。這讓潛在的租客和買家都感到害怕。
2769	我們的新房產遇到了麻煩。附近發現了土地汙染，可能也會影響到我們的土地。這大大降低了房產的價值。
2770	剛剛發現我們收購的房子以前曾用於非法活動。這段歷史是公開的，現在我們正在努力尋找對這段歷史感興趣的人。
2771	我們剛剛得知，我們的新房產曾經是極道的藏身之處。雖然他們已經離開多年，但房子的歷史還是讓潛在的買家和租戶猶豫不決。
2772	你剛買的財產屬於我們。這是一個警告：立即交還。我們不會善待那些霸佔我們財產的人。如果你不遵守，後果自負。
2773	我們注意到你購買了我們感興趣的房產。為了你的利益，我們建議你將其轉回給我們。合作將得到回報。
2774	我們感謝你明智的決定。你的合作我們已經注意到了。希望你的理解能得到合理的補償。很高興與你成為朋友，而不是麻煩。
2775	這不僅僅是一塊土地的問題，而是樹立正確的敵人或盟友的問題。請仔細考慮你的下一步行動。
2776	你對這種情況表示理解，這是值得讚揚的。請記住，保持良好的關係比任何直接的回報都更有價值。
2777	我們的辦公室昨晚遭到了破壞。窗戶被砸，牆上有塗鴉。看起來像是極道的傑作。辦公室翻新要花費我們 {prc_yakuza}。
2778	極道干擾了今天的會議，導致會議嚴重中斷。額外的安全措施和業務時間損失估計為 {prc_yakuza}。
2779	面臨極道的虛假法律索賠。法律辯護費用不斷增加，目前估計為 {prc_yakuza}。這種情況也有損你的形象。
2780	你的車昨晚被盯上了。看起來像是極道乾的——車被徹底毀壞，無法修復。
2781	你在我們的行動中引起了不小的轟動。是時候算賬了。因為你造成的破壞，你欠我們 {prc_yakuza}。這不是建議。給錢，否則你和你的生意會很不愉快。你有有限的時間來糾正錯誤。請明智選擇。
2782	你比我們想象的要聰明。記住，和我們保持良好關係是件好事。希望我們不要再在這種情況下見面了。
2783	你在玩一場危險的遊戲。我們可以讓你和你的企業陷入困境。
2784	嘿，<global.namemycomp> 出了個大問題。我們的主倉庫昨晚被極道破壞了。他們毀壞了重要裝置，導致我們的業務和交貨嚴重中斷。這對我們的收入打擊很大。
2785	現在 <global.namemycomp> 正在被進行一場骯髒的誹謗運動。這肯定是極道乾的。他們在媒體上散佈有害的謠言，損害了我們在客戶和合作夥伴中的聲譽。
2786	關於 <global.namemycomp> 的一些令人不安的訊息。我們團隊的主要成員一直受到極道的威脅。這造成了內部混亂，並導致敏感資訊洩露。
2787	<global.namemycomp> 的辦公室昨晚遭到破壞，很可能是極道乾的。除了需要維修之外，這在我們的員工中造成了真正的恐懼感。這可能會影響我們公司計程車氣和整體工作環境。
2788	股息率
2789	列出你持有股票的公司。
2790	你在每家公司持有的股票數量。
2791	你的每股平均購買價格。
2792	每股股票的當前市價。
2793	從每家公司收到的股息總額。
2794	當前作為股息返還的投資百分比。
2795	你的投資組合本質上是你在不同公司擁有的所有股票的集合。它可以幫助你跟蹤投資業績，做出明智的決定。密切關注股價和股息——這將指導你是購買更多股票、持有現有股票，還是賣掉一些股票。
2796	請記住，我們的目標是讓你的投資明智地增長。分散持股以分散風險，並關注市場趨勢。如果你有任何問題或需要建議，只需給我留言！
2797	祝賀你成為 <global.namemycomp> 的執行長。你的崛起我們並沒有忽視。請記住，我們過去的交往為互惠互利的關係奠定了基礎。
2798	作為 <global.namemycomp> 的負責人，你必須知道，我們在很多地方都有自己的人。他們中的一些人可能正是貴公司的合適人選。請密切關注你員工的簡歷。當你需要額外的優勢時，我們的人脈將是無價之寶。
2799	祝賀你創辦 <global.namemycomp>。以自己的方式涉足商界是一個大膽的舉動。
2800	致電極道
2801	我們公司有一個快速賺錢的機會。極道會處理好細節，你會得到更乾淨、更健康的儲備。
2802	聽說你有一些頑固的債主。極道可以“鼓勵”他們還錢。這是又快又簡單的增加我們的儲備的方法。
2803	想要擴張？極道可以玩轉市場，讓你的下一次房地產行動更便宜。雖然只是暫時的，但卻能為你節省大筆開支。
2804	需要提振股價？極道可以散佈一些有利的謠言，提高投資者的興趣和你的股票價值。
2805	好吧，我會……嗯，儘量按你說的做。然後，我想我應該低調行事，對吧？
2806	你的要求將按規定執行。為確保執行安全，建議在完成後的一段時間內降低能見度。
2807	當然，老闆！我會很快搞定的。然後，也許我會放鬆一下，打打棒球。你知道的，冷靜一下。
2808	我已注意到你的指示，並將照此辦理。之後，我將短暫休假，以確保謹慎行事。
2809	好吧……我會做的，但我不太擅長這些事。之後，我想我就暫時不插手了。
2810	你的請求將被準確無誤地執行。屆時，我將暫時中止對它的關注，以保證運作順利。
2811	當然，親愛的，我會以我的一貫風格來處理的。之後，是時候休息一下了——也許去做個水療，避避風頭。
2812	你的指示非常明確，我們將以最高效率完成任務。完成任務後，我將保持低調，以確保最大限度的謹慎。
2813	運作順利。檢查你的儲備，你會有驚喜。
2814	已經完成了。遇到了一些麻煩，但資金已經到位。只是要謹慎。
2815	事情鬧大了。行動已經完成，但可能會引起一些不必要的關注。
2816	收回了應收款。你們的儲備金現在更健康了。
2817	收債工作已經完成。雖然不是每個人都還了錢，但大部分都還清了。
2818	債務人那邊出了點問題。錢是賺到了，但卻惹來了一些法律糾紛。
2819	我們在房地產方面的策略非常奏效。你現在可以以低廉的價格擴大你的部門。
2820	房地產計劃基本按計劃進行。你有了一些積蓄，儘管沒有預期的那麼多。
2821	在房地產遊戲中遇到了點麻煩。你得到了一些好處，但警察可能會盯上我們。
2822	我們的謠言創造了奇蹟。你們公司的股票一路飆升，投資者蜂擁而至。
2823	我們把訊息傳出去了，起到了一些效果。你們的股票漲了，雖然漲幅不如我們預期。
2824	謠言一發不可收拾。你的股票漲了，但警方對你很感興趣。可能很棘手。
2825	多虧了我們的……咳咳……關係，我們找到新的辦公場所要容易得多，也便宜得多。
2826	為了結清我們的賬目，請將 {global.money_need_yakuza} 轉給我們。你的迅速行動將確保我們繼續合作。
2827	對於我們提供的服務，我們需要 {global.money_need_yakuza}。讓我們的合作順利進行，並從中獲利。
2828	我們最近的援助費用為 {global.money_need_yakuza}。我們相信你明白及時付款的重要性。
2829	我們的協議要求支付 {global.money_need_yakuza} 的費用。我們期待收到這筆費用，以保持我們間的良好關係。
2830	你為我們的獨特服務所支付的費用將匯至 {global.money_need_yakuza}。我們一如既往地感謝你及時付款。
2831	很高興能與你這樣可靠的人合作。
2832	期待我們繼續合作。
2833	請記住，我們的手很長，記憶也更長。
2834	忽視自己的義務是不明智的。你可能會發現我們的不滿比收費更昂貴。
2835	你選擇因為 {global.money_need_yakuza} 而斷絕關係？一個令人遺憾的決定。我們不會忘記背叛我們的人。
2836	有訊息稱，<comomo> 將有一些重大舉措。他們的股票即將飆升。你可能想參與其中。
2837	給你個小提示——<comomo> 正在進行一項重大交易，目前仍處於保密階段。他們的股價將會攀升。對你來說可能是個好機會。
2838	得到一些內部訊息——<comomo> 即將陷入困境，正在醞釀一些法律糾紛。預計他們的股票將暴跌。
2839	一隻小鳥告訴我，<comomo> 即將面臨一場嚴重的危機。他們的股票會大跌。就當這是一個善意的警告吧。
2840	嘿，提個醒。現在房地產市場上有很多好買賣，優質房產都能賣個好價錢。對你來說是個好機會。
2841	我們知道你有麻煩了 但你可以馬上離開這裡。你要付出的代價是 {yakuza_price_free}。
2842	<global.companynewsname> 將發行更多股票，旨在為其擴張計劃提供資金。此舉表明了公司的發展願望，投資者密切關注其對市場的潛在影響。
2843	作為 <global.companynewsname> 的大股東，我們將以 {global.moneyneed} 的折扣價向你提供 <global.numshares> 新股，以維持你在公司的持股比例。你同意嗎？
2844	我們公司 <global.companynewsname> 需要新的投資。作為控股股東，你應該幫助我們發行新股。我們希望發行 <new_stocks> 新股。你同意嗎？
2845	謝謝你的理解！
2846	這很可惜，因為這會限制我們的發展。
2847	金融刊物《真實之真實》發表了一篇關於 <global.myname> 的正面文章，提升了其公眾形象。
2848	我看你累壞了。帶上你的女朋友，我們去泡溫泉吧。我會帶你去一間只有你們兩個人的包房。
2849	你不會以為我們會把你留在這裡吧？收拾東西，明天就回家。一切都安排好了。
2850	黑犀魚
2851	龍魚
2852	小飛象章魚
2853	龐貝蠕蟲
2854	天使魚
2855	巨骨舌魚
2856	箭魚
2857	䰾魚
2858	多鰭魚
2859	珠星三塊魚
2860	鰟鮍
2861	黑鱸
2862	藍鰓魚
2863	褐鱒
2864	杜父魚
2865	鯉魚
2866	鯰魚
2867	紅點鮭
2868	櫻鱒
2869	螃蟹
2870	小龍蝦
2871	鯽魚
2872	鯪魚
2873	暗色沙塘鱧
2874	花羔紅點鮭
2875	鯕魚
2876	棒花魚
2877	青蛙
2878	雀鱔
2879	蝦虎魚
2880	金魚
2881	絲足鱸
2882	草魚
2883	鳳尾魚
2884	石川鮭
2885	日本尖吻鱸
2886	鱂魚
2887	帝王鮭
2888	錦鯉
2889	大口黑鱸
2890	泥鰍
2891	鰷魚
2892	紅綠燈魚
2893	溫泉魚
2894	蛇頭魚
2895	青貓魚
2896	藍斑眼魚
2897	食人魚
2898	虹鱒
2899	彩虹魚
2900	紅鯉魚
2901	紅點鱒
2902	稻田魚
2903	三文魚
2904	鮋魚
2905	小口黑鱸
2906	胡瓜魚
2907	棘背魚
2908	弦魚
2909	鱘魚
2910	香魚
2911	蝌蚪
2912	羅非魚
2913	烏龜
2914	日本白鯽
2915	白斑紅點鮭
2916	黃鱸
2917	鯷魚
2918	梭子魚
2919	後肛魚
2920	搏魚
2921	四齒魨
2922	藍槍魚
2923	蝴蝶魚
2924	毛鱗魚
2925	蛤蜊
2926	小丑魚
2927	腔棘魚
2928	珊瑚
2929	烏賊
2930	鰻魚
2931	比目魚
2932	鰈魚
2933	鮟鱇魚
2934	珍鰺
2935	金線藍子魚
2936	斑藍子魚
2937	大白鯊
2938	錘頭鯊
2939	鯡魚
2940	竹莢魚
2941	水母
2942	帝王蟹
2943	龍蝦
2944	鯖魚
2945	鯕魚
2946	皮皮蝦
2947	花紋藍子魚
2948	鮟鱇
2949	月魚
2950	海鰻
2951	貽貝
2952	拿破崙魚
2953	皇帶魚
2954	翻車魚
2955	章魚
2956	牡蠣
2957	鯧魚
2958	鯧鰺
2959	河豚
2960	鰩魚
2961	紅鯛魚
2962	五彩鰻
2963	沙丁魚
2964	鯖魚
2965	秋刀魚
2966	鱸魚
2967	海參
2968	海馬
2969	海藻
2970	鰣魚
2971	蝦
2972	鰹魚
2973	旭蟹
2974	魷魚
2975	海星
2976	條石鯛
2977	金槍魚
2978	多寶魚
2979	玻璃梭鱸
2980	鯨鯊
2981	常見
2982	不常見
2983	稀有
2984	超稀有
2985	傳奇
2986	不費吹灰之力
2987	無障礙
2988	富有挑戰性
2989	虛幻的
2990	玩這個遊戲嗎？
2991	動態子彈地獄遊戲，具有獨特的角色升級系統。
2992	維修中
2993	抽卡
2994	萊因哈特
2995	菲奧娜
2996	精靈
2997	騎士
2998	黑暗領主
2999	惡魔
3000	吟遊詩人
3001	骷髏
3002	Stefan cel Rau
3003	Dragos Ghitarascu
3004	Radu cel Deranjat
3005	風之靈澤法爾雕像
3006	水之靈布萊克韋爾雕像
3007	自然之靈鳶尾花雕像
3008	火之靈伊格內薩雕像
3009	大地之靈亞倫雕像
3010	巫術女神莫瑞根雕像
3011	格哈德
3012	我的收藏
3013	回家
3014	孟加拉貓
3015	三色貓
3016	雙色貓
3017	芒奇金貓
3018	挪威的森林貓
3019	波斯貓
3020	布偶貓
3021	蘇格蘭摺耳貓
3022	暹羅貓
3023	黑貓
3024	白貓
3025	斯芬克斯貓
3026	虎斑藍貓
3027	虎斑紅貓
3028	燕尾服貓
3029	移動
3030	攻擊
3031	炸彈
3032	暫停
3033	按 <b_exith> 退出
3034	接近危險時，腎上腺素模式會被啟用，在此期間，時間會變慢，傷害會加倍。
3035	由於國家經濟長期衰退，去年所有大公司都無利可圖。
3036	一份知名的金融出版物總結了去年商業領域的成果。
3037	盈利最多的公司
3038	最昂貴的公司
3039	此外，還公佈了東京最具影響力百人榜。
3040	如果你努力提高自己的聲譽，增加自己的財富，總有一天你也會上榜。
3041	你現在位於第 <number_string>！恭喜你！
3042	巨企
3043	公司市值達到 {need}（CEO 模式）。
3044	領導有方
3045	公司年利潤達到 {need}（CEO 模式）。
3046	名列前茅
3047	在你的領導下，公司應成為年利潤前 <need> 的公司之一。
3048	資產升值
3049	在你的領導下，公司應成為市值前 <need> 的公司之一。
3050	權力之塔
3051	進入東京最有影響力人物前 <need> 名。
3052	東京之王
3053	成為東京最有影響力的人物。
3054	遊戲玩家
3055	在街機遊戲 Hoshimari 中獲得 <need> 分。
3056	抽卡大師
3057	抽卡 <need> 次。
3058	收集令人難以置信的貓咪公仔！
3059	一系列以熱門系列遊戲中的人物為造型的磁鐵。
3060	法院在發現被告嚴重操縱市場的證據後，對其處以 {amount_shtraf} 的罰款和 3 個月監禁。
3061	嘿，嗯……也許我們今晚可以一起出去玩？只是冷靜一下，你懂嗎？
3062	你好。我在想，也許我們今晚可以在工作之外多呆一會兒？也許會有好處。
3063	嘿，晚上出去玩玩怎麼樣？沒有什麼花哨的，只有美好時光和歡聲笑語！
3064	晚上好。我建議我們今晚來個短暫的休息，來點有文化但又愉快的。
3065	嗨，我在想……也許我們今晚可以出去走走？找個安靜的好地方？
3066	是我。我建議我們今晚休息一下。也許來點低調但有趣的。
3067	嘿，讓今晚變得難忘，好嗎？來點有趣又迷人的？
3068	晚上好！今晚來個高雅又愉快的郊遊怎麼樣？一定會很愉快。
3069	好極了！那我們去哪兒？
3070	選擇你想去的地方。
3071	遊戲廳
3072	高爾夫球場
3073	卡拉 OK
3074	市立公園
3075	這……比我預想的要平靜一些。感覺很好。謝謝你的建議。
3076	我必須承認，這裡的寧靜令人心曠神怡。這是一次寶貴的經歷。謝謝你們。
3077	哇，沒想到寺廟也能讓人如此放鬆！真的能讓人頭腦清醒，是吧？來得好！
3078	的確，這裡的寧靜令人讚歎。這是一種難得的平靜感。是郊遊的明智之選。
3079	這真的很好……有點舒緩。我不知道我需要這個。我很高興我們來了這裡。
3080	我承認，這裡寧靜的氛圍對緩解壓力很有效。這是個不錯的決定。
3081	我感覺神清氣爽！在這裡禱告就像是一次小型療養。我們應該經常這樣做，你覺得呢？
3082	這確實令人振奮。寺廟的寧靜具有獨特的魅力。這是一次豐富的體驗。
3083	這種寧靜……彷彿時間在這裡靜止。
3084	薰香的香氣……讓人平靜，近乎超凡脫俗。
3085	這些古老的城牆見證了太多的祈禱。
3086	寺廟的寂靜比外面熙熙攘攘的城市更加響亮。
3087	不知道有多少希望和夢想與這裡緊緊相連。
3088	即使在東京市中心，你也能找到這樣寧靜的世外桃源。
3089	寺廟的寧靜與我每天的忙碌形成了鮮明的對比。
3090	在這裡，在這些古老的石頭中，我的煩惱似乎離我很遠。
3091	我可以感受到數百年來滲透在這裡的深邃靈性。
3092	我得和艾米一起來。
3093	艾米為我做了很多。沒有她，我真不知道該怎麼辦。
3094	也許我應該重新考慮一下實現目標的方法……
3095	大自然與城市天際線的對比幾乎充滿詩意。
3096	樹葉沙沙作響，是城市混亂中的自然交響樂。
3097	公園提醒我們放慢腳步，呼吸，生活。
3098	一張公園長椅就能讓人思緒萬千。
3099	大自然在城市世界中的頑強生命力總是讓我驚歎不已。
3100	在公園裡，每個季節都書寫著自己的篇章。
3101	在公園漫步，是一種簡單而深刻的享受。
3102	一個陌生人認出了你，向你索要簽名。
3103	公園散步……其實還不錯。出去走走挺好的。謝謝你拉上我。
3104	我發現這次漫步出乎意料地愜意。自然元素為城市景觀帶來了耳目一新的感覺。
3105	嘿，這個公園太棒了！空氣清新，空間開闊，太棒了！我們得經常這樣做，對吧？
3106	在公園散步是一個令人愉快的想法。它是休閒和美學欣賞的完美結合。令人精神煥發。
3107	在這樣的公園裡散步真的很愜意……很寧靜。我很享受我們在一起的時光。
3108	這是……意想不到的放鬆。簡單的公園散步也有它的好處。它讓人從日常工作中解脫出來。
3109	我喜歡在公園散步！它是如此生動有趣。我們應該多參加這樣的休閒活動！
3110	在公園裡漫步非常令人愉悅。這是與自然和彼此聯絡的絕佳方式。
3111	你和許多朋友都聊得很開心。
3112	哇，太刺激了！雖然我覺得自己不行，但嘗試的過程很有趣。有機會我們應該再來一次。
3113	參與這些街機遊戲比預期的更令人愉快。這是一項關於策略和反應能力的有趣研究。
3114	在遊戲廳裡總能度過一段美好時光！我喜歡這裡的活力。我們玩得很開心，不是嗎？
3115	遊戲廳是技術與娛樂的迷人交匯點。這是一種令人愉悅的消遣方式。
3116	我在遊戲廳裡玩得很開心。放縱自己，盡情玩耍的感覺真好。謝謝你帶我來這裡。
3117	這出乎意料地引人入勝。遊戲廳將挑戰和娛樂獨特地融合在一起。我很高興我們來了。
3118	遊戲廳是最棒的！遊戲、燈光、刺激——一切都那麼驚心動魄！我們完全應該再來一次。
3119	遊戲廳是一次迷人的體驗。這是一種體驗不同型別遊戲並共同享受樂趣的絕佳方式。
3120	新品種！
3121	辭去執行長職務後，你有一年的限制期，在此期間你不能建立新公司。
3122	是你！
3123	當前薪水
3124	期望薪水
3125	狗狗
3126	收集令人難以置信的狗狗模型！
3127	比格犬
3128	比熊犬
3129	邊牧
3130	鬥牛犬
3131	吉娃娃
3132	可卡犬
3133	臘腸犬
3134	斑點狗
3135	杜賓犬
3136	傑克羅素㹴
3137	馬爾濟斯
3138	博美犬
3139	貴賓犬
3140	巴哥犬
3141	尋回犬
3142	雪納瑞
3143	牧羊犬
3144	德國牧羊犬
3145	柴犬
3146	西施犬
3147	哈士奇
3148	柯基犬
3149	白㹴
3150	約克夏犬
3151	自動儲存
3152	快速儲存
3153	檔位
3154	事件
3155	史實
3156	隨機
3157	日元匯率創下新高，使進口商品更加便宜，刺激了消費支出。零售和進口行業的股票價值顯著上升。
3158	政府促進國內旅遊的活動會增加旅遊業和酒店業的支出，從而對相關股票產生積極影響。
3159	日本製造業報告產出小幅增長，反映出經濟增長穩定，並對工業股票產生積極影響。
3160	近期全球石油價格的變化導致了經濟的輕微不確定性，影響了股票和投資者的情緒。
3161	出口小幅下降導致經濟適度放緩。
3162	對大型銀行不當行為的指控引起了投資者的擔憂，導致股市金融板塊出現短暫波動。
3163	全球對電子產品和汽車需求的減少導致經濟大幅下滑，對股市和整體經濟造成嚴重影響。
3164	日本面臨著由貿易衝突和內部金融問題引發的嚴重衰退，導致股市大幅下滑。
3165	員工
3166	哇，你收集了一整套“<figuresname>”！
3167	信不信由你，這個遊戲是我的一個好朋友做的，但我從來沒玩過。他甚至承諾會把我加入續集，但我從沒去看他是否做到了。
3168	好可愛的貓貓！
3169	我夢想養一隻狗，但我沒有時間去照顧它。
3170	仁愛之心
3171	向慈善機構捐贈 {need}。
3172	地產大亨
3173	擁有 <need> 套房地產。
3174	汽車迷
3175	擁有 <need> 輛汽車。
3176	產業升級
3177	公司 IT 部門的工作效率應達到 <need>%。
3178	財務效益
3179	公司財務部門的工作效率應達到 <need>%。
3180	公司聚會
3181	公司人力資源部門的工作效率應達到 <need>%。
3182	努力工作
3183	公司營運部門的工作效率應達到 <need>%。
3184	廣而告之
3185	公司銷售與市場營銷部門的工作效率應達到 <need>%。
3186	帶我去月球
3187	公司研發部門的工作效率應達到 <need>%。
3188	從頭開始
3189	公司總部的工作效率應達到 <need>%。
3190	真正的僱主
3191	為自己的公司僱用 <need> 員工。
3192	我們會盡快給你回電。
3193	拒絕 <need> 位應聘者。
3194	清白企業
3195	在 <need> 年內未捲入醜聞或訴訟。
3196	穩健投資
3197	擁有投資組合中任何公司 <need> 的股票（不含你建立的公司）。
3198	幕後大手
3199	擁有任何公司 <need>% 的股份（不含你建立的公司）。
3200	泡沫的本質
3201	每月獲得 {need} 的租金收入。
3202	錢能生錢
3203	從多家公司獲得共計 {need} 的股息。
3204	好好休息
3205	度假
3206	愛貓人士
3207	擁有全套貓咪模型
3208	愛狗人士
3209	擁有全套狗狗模型
3210	JRPG 迷
3211	擁有全套環祭傳說模型
3212	乾杯！！！
3213	去酒吧 <need> 次。
3214	清新空氣
3215	遊覽公園 <need> 次。
3216	心平氣和
3217	參觀寺廟 <need> 次。
3218	賭博成癮
3219	玩彈珠機 <need> 次。
3220	童心未泯
3221	去遊戲廳 <need> 次。
3222	只愛馬兒
3223	去馬場 <need> 次。
3224	韓語翻譯：
3225	管理
3226	首選技能
3227	空缺！
3228	<incompany_name> employees
3229	自由員工
3230	<incompany_name> 的高層管理
3231	<incompany_name> 的自由員工
3232	未答覆的簡歷
3233	取消
3234	你想為公司補充多少儲備金？
3235	你已經僱用了最大數量的員工。
3236	員工人數上限取決於公司（總部）的級別。部門越多、部門級別越高，空缺職位就越多。
3237	發明
3238	影響
3239	發展
3240	賺取發明點數，併為新進展賺取額外的研發點數。
3241	影響點數提升公司員工體驗。
3242	發展點數增加財務儲備。
3243	員工的 <var_characteristic> 水平越高，他們就越有可能將這一點帶入工作。
3244	一桿進洞！
3245	收入囊中！
3246	好球！
3247	打得好！
3248	完美！
3249	我想，我的勝利之路還挺順利的，是吧？真沒想到！
3250	從分析的角度來看，我的策略在綠茵場上得到了回報。這真是一場精心策劃的勝利。
3251	嘿，我可能不懂所有技術性的東西，但在球場上？我是冠軍！
3252	無論是在思想上還是在行動上，高效率和精確性都讓我取得了這次勝利。不出所料。
3253	哦，我贏了？真是……真是出乎意料。但是，嗯，耶？
3254	看來，我對遊戲物理的理論理解實際上是正確的。
3255	親愛的，贏了？這只是我魅力的一部分，你知道的。祝你下次好運！
3256	戰略遠見與天賦才華的完美結合。勝利自然不可避免。
3257	好吧，我想我又要回到起點了……應該多加練習，是吧？
3258	儘管我計算過，但看來我還是低估了遊戲的複雜性。
3259	啊，這次被你說中了！不過，輸也是遊戲的一部分，對吧？下次我會贏你的
3260	這是我少有的疏忽。顯然，我的方法還有改進的餘地。
3261	哦，我輸了……不過沒關係，反正我也沒抱多大希望。
3262	我的理論知識這次不夠用了。我想，還是回去學習吧。
3263	輸？我？每個人都有失意的時候，親愛的。下次我會更閃亮的！
3264	一次有趣的挫折。可以說是一次學習的機會。我會據此改進我的策略。
3265	嗯，平局？真沒想到。看來我們倆的技技術都很……獨特！
3266	令人驚歎的結果。我們的能力似乎達到了一種平衡。
3267	平局？這就是比賽的精神——讓每個人都玩得開心，玩得公平！
3268	那就是公平的結果了。看來我們都擅長各自的策略。
3269	平局？哦，那……不錯吧？這一次沒輸，感覺真好。
3270	看來，我們是旗鼓相當。從科學角度看，這是一個罕見但有趣的結果。
3271	平局？這不是很好嗎？看來我們今天都能當明星了！
3272	平局，完美的平衡。我想說，這證明了我們勢均力敵的能力。
3273	你贏了！
3274	你輸了！
3275	平局！
3276	第一次嘗試就將球送入洞中，得 4 分。
3277	第二次嘗試成功得 2 分。
3278	此後每擊中一次得 1 分，直到球進洞為止。
3279	每成功一洞後，擊打計數器都會重置。
3280	如果球沒有先著地（一桿進洞）就進洞，則額外獲得 1 分。
3281	專案規模擴大！
3282	今天謝謝你了。雖然……與眾不同，但卻是好事。讓我們再來一次，好嗎？
3283	今天我很快樂。這對我的思想很有啟發。也許我們應該努力重複這樣的經歷。
3284	嘿，今天很開心！謝謝你陪我出來玩 我們一定要再來一次，對吧？
3285	今天收穫頗豐，非常愉快。謝謝你。我們應該考慮儘快再安排一次。
3286	今天真的很開心，謝謝你。讓人感覺很舒服。也許有機會我們可以再來一次？
3287	今天真是謝謝你。這是與以往不同的愉快經歷。我願意在未來接受類似的安排。
3288	謝謝你今天給了我這麼美好的時光！太美妙了！讓我們再計劃這樣的一天，好嗎？
3289	今天我很感激。今天的活動既愉快又有啟發性。我期待著我們的下一次活動。
3290	按住 <pusk> 點選
3291	每次成功擊球后，球洞的位置都會發生變化。
3292	每位選手總共有 20 次擊球機會。
3293	在規定時間內擊敗對手，贏得比賽。
3294	幫助
3295	你的得分
3296	對手得分
3297	擊球數
3298	開球時間
3299	鷹眼
3300	戰無不勝
3301	創新者
3302	去高爾夫球場 <need> 次。
3303	在單場比賽中獲得 <need> 分。
3304	贏 <need> 次高爾夫。
3305	在公司裡建立一個 <need> 級專案。
3306	專案已釋出！
3307	完成專案
3308	你至少需要完成第 1 級專案。
3309	曾經風光無限的 <name_of_company> 宣佈破產，所有股東損失慘重。管理不善和市場失誤被認為是主要原因。
3310	<name_of_company> 倒閉了，投資化為烏有，股東一無所有。財務判斷失誤和市場變化是倒閉的罪魁禍首。
3311	<name_of_company> 宣佈破產，股東資金化為烏有，這是一個始料未及的打擊。分析師指出了戰略失誤和不斷變化的市場動態。
3312	有傳言稱，<name_of_company> 面臨財務困境，有可能導致破產或合併。利益相關者緊張地注視著不確定的未來。
3313	市場風聲顯示，<name_of_company> 正處於困境之中，合併或破產迫在眉睫。投資者做好準備，迎接衝擊。
3314	<name_of_company> 已走出危機，引發投資者對其潛在成功和未來盈利能力的樂觀情緒。
3315	<name_of_company> 的所有財產以 {price_for_all} 的價格出售。作為公司的重要投資者，你將獲得 {money_receive}。
3316	資產出售
3317	<name_of_company> 已被 <comm_name> 收購，在經歷了一段動盪時期後，<name_of_company> 提供了新的產業和新的發展前景。
3318	面對挑戰，<name_of_company> 與更大的實體 <comm_name> 進行了合併，旨在以更強的資源和市場影響力東山再起。
3319	由於收購，你持有的 <name_of_company> 的 <player_old_stocks> 股份已轉換為 <comm_name> 的。<player_new_stocks> 股份。
3320	我們公司可以向其他公司提出收購要約。結果取決於報價金額、目標公司的財務健康狀況以及你的聲譽。處於困境中的公司更有可能接受並加入我們公司。
3321	你想向 <name_of_company> 傳送收購要約嗎？
3322	我們的儲備金不足以支付這樣的報價。
3323	公司 <name_of_company> 目前不接受收購要約。
3324	我們需要等待對之前提議的回應。
3325	傳送收購要約
3326	你的提議引起了我們的注意。我們對 <name_of_company> 和貴公司之間潛在的協同效應感到興奮。
3327	經過慎重考慮，我們認為貴公司的提議為我們提供了一個獨特的機會。我們期待著進一步探討這一合作關係。
3328	這項提議非常及時，符合我們的發展願景。我們傾向於接受你的提議。
3329	感謝你對 <name_of_company> 的關注。但是，經過深思熟慮，我們決定繼續保持獨立，並繼續執行我們當前的戰略計劃。
3330	雖然你的建議很慷慨，但 <name_of_company> 目前並不尋求合併或被收購。我們堅信自己的道路，並致力於為我們的員工和客戶服務。
3331	謝謝你今早的笑聲！你的出價……怎麼說呢？我們稱之為“野心勃勃的低價”。我們不同意，但你可以繼續嘗試。
3332	哦，我們收到了你的報價。它太可愛了，我們差點就把它裱起來了！不幸的是，我們現在正忙著規劃自己的人生道路，沒時間在你的沙盒裡玩。
3333	你的提議已被記錄在案，並歸入“午餐時的趣事”。<name_of_company> 更傾向於與我們建立合作關係，而不是一開始就向我們屈服。謝謝，但不用了。
3334	我們最近收購了一家公司，所以最好在一年內不要採取類似行動，以免引起公平貿易委員會的注意。
3335	很好。現在我們必須等待答覆。
3336	由於你的入獄，我們必須通知你，為了保護我們公司的聲譽，你已被解除 <compan_name> CEO 一職。
3337	失手了！
3338	釣到了！
3339	棲息地
3340	淡水
3341	海水
3342	深淵
3343	捕撈難度
3344	冬
3345	春
3346	夏
3347	秋
3348	何時捕撈
3349	按住 <pusk> 以丟擲魚竿
3350	你想去釣魚嗎？
3351	湖泊
3352	河流
3353	你知道，我的爺爺是個漁夫，我童年的許多日子都是坐在他身邊，坐在碼頭上，沉浸在這一切之中。他常說，每條魚都有自己的故事。今天，我們也來講講自己的故事，怎麼樣？
3354	好吧，也許改天吧。
3355	爺爺常說，水教會你生活總是不斷變化，充滿驚喜，需要耐心。也許今天，它能讓我們懂得更多關於享受當下的道理。
3356	來，今天試試我爺爺的老魚竿。雖然有點破舊，但運氣還不錯！
3357	那根舊釣竿不行了，是吧？看看能不能找到更好的。附近有家商店。
3358	這是一根老式魚竿！但如果你真的想釣魚，你需要更好的裝備。不過我只賣給認真的釣魚者。你得自己爭取。
3359	想挑戰一下嗎？這可能會很有趣！
3360	每種魚都能為你贏得積分。普通的魚可以讓你入門，但稀有的魚？它們的價值更高。如果你能釣到我很少見的那些難以捉摸的魚類，那你肯定能獲得不少積分。
3361	聽起來這是個提高釣魚水平的好辦法！
3362	釣魚
3363	漁具大師
3364	漁獲點數
3365	點
3366	釣竿強度
3367	滾輪效率
3368	投擲範圍
3369	釣竿升級
3370	釣魚地點
3371	海
3372	深海
3373	開始釣魚
3374	需要更好的釣竿
3375	價格
3376	獎勵
3377	新品種獎勵
3378	你需要什麼？
3379	操縱市場
3380	破壞公司
3381	我們可以毀掉或提高任何公司的聲譽。你對哪個感興趣？
3382	影響行業
3383	我們可以影響任何行業的經濟。選擇目標。
3384	我們可以破壞任何公司的運營，影響他們的收入，為你贏得競爭優勢。你希望我們針對哪家公司？
3385	再見
3386	我們應該如何對付 <global.last_button_pressed> 公司？
3387	降低股價
3388	提高股價
3389	我們將開始工作。
3390	我的人現在低調行事，所以我們幫不了他們。
3391	我的人已經準備好了，只要告訴我們你的目標就可以了。
3392	我希望這家公司出問題。
3393	<scandal> 面臨重大運營問題，造成嚴重延誤並影響收入。
3394	業內專家對 <scandal> 的突然受挫感到不解，從而引發了廣泛的猜測。
3395	對 <scandal> 推出新產品的積極傳聞導致其股價小幅上漲。
3396	對 <scandal> 突破性技術的重大傳言導致其股票暴漲。
3397	對 <scandal> 最新財報的低聲質疑使其股票價值略有下降。
3398	對 <scandal> 財務不當行為的嚴重指控導致其股價暴跌。
3399	宣傳本行業的成功經驗
3400	我希望看到這一行業出現問題
3401	對 <scandal> 行業監管變化的輕微擔憂略微影響了股價。
3402	對 <scandal> 行業普遍腐敗的嚴重指控導致市場信心和股票價值急劇下降。
3403	對 <scandal> 行業的樂觀預測導致整體股價略有上漲。
3404	<scandal> 行業的重大突破導致市場價值大幅飆升。
3405	支付
3406	平局，平分彩池
3407	平局，沒有贏家
3408	你輸掉了比賽！
3409	<player_name> 贏得了比賽！
3410	<player_name> 以 <win_reason> 獲勝
3411	<b_enter> 以繼續
3412	彩池
3413	餘額
3414	跟注
3415	加註
3416	梭哈
3417	棄牌
3418	高牌
3419	對子
3420	兩對
3421	三條
3422	順子
3423	同花
3424	葫蘆
3425	四條
3426	同花順
3427	皇家同花順
3428	不戰而勝
3429	我告訴你一個秘密——有一個隱藏的撲克俱樂部，裡面都是大人物，我想你可以得到邀請。保證有新的人脈和豐厚的獎金。有興趣嗎？
3430	好極了！那我們走吧。
3431	那就下次吧。我會把地址寫給你。
3432	我將為你講解德州撲克的基本知識。
3433	首先，每位玩家拿到兩張手牌，稱為底牌。然後，五張公共牌面朝上發到桌子中間。
3434	目標是使用你的兩張底牌和五張公共牌的任意組合，組成一手最佳的五張牌。
3435	共有四輪投注：
3436	1. 翻牌前：這是在你拿到底牌之後。
3437	2. 翻牌：發三張公共牌，牌面朝上，然後進行一輪下注。
3438	3. 轉牌：發第四張公共牌，然後進行新一輪下注。
3439	4. 河牌：發第五張也是最後一張公共牌，然後是最後一輪下注。
3440	如果在最後一輪下注後仍有多名玩家參與，則每個人都要亮出自己的手牌。最好的牌贏得彩池！
3441	牌型大小（從高到低）：
3442	皇家同花順：最高牌。由相同花色的 A、K、Q、J 和 10 組成。
3443	同花順：連續五張相同花色的牌。
3444	四條：四張相同數字的牌。例如，四張 K。
3445	葫蘆：三張相同數字的牌和兩張另一個數字的牌。
3446	同花：五張不連續的相同花色的牌。
3447	順子：連續五張不同花色的牌。
3448	三條：三張相同數字的牌。
3449	兩對：兩張相同數字的牌和兩張另一數字的牌。
3450	一對： 兩張相同數字的牌。
3451	最高牌：如果沒有人擁有上述任何組合，則數字最大者獲勝。
3452	每到週末，這裡都會聚集很多有錢人和有影響力的玩家來打撲克。
3453	然而，他們通常賭的不僅僅是金錢，還有有價值的房地產、內幕訊息或股票。
3454	要參加遊戲，你需要支付入場費，而且只有一個獲勝者。
3455	每次勝利都會提升你在秘密撲賭場中的排名，解鎖新的牌桌，獲得更多獎勵和更高賭注。
3456	祝你好運。選擇你的桌子。
3457	現金
3458	入場費
3459	股票套餐
3460	微小
3461	小
3462	中
3463	大
3464	特大
3465	極大
3466	內幕訊息
3467	<name_company> 的 <number_shares> 股份
3468	恭喜你！你贏得了撲克錦標賽。你的獎品是 <prize_text>。
3469	哇，你贏了？好吧，看來就算是壞掉的鐘表，一天也有兩次是對的，是吧？
3470	令人印象深刻的勝利。你的戰略方法……出乎意料地有效。
3471	哈！你打得很好！下一輪看你的，冠軍！
3472	出色的表現。看來我低估了你的智慧。
3473	哦，你贏了……真不錯。祝賀你。
3474	我想，你的勝利在邏輯上是合理的。打得好。
3475	親愛的，你打得太棒了！真是個奇蹟。
3476	正如你所期望的那樣，非常出色。你們的戰術無可挑剔。
3477	獲勝次數
3478	下注
3479	你需要 <table_id> 次勝利才能在此桌進行遊戲。
3480	今晚看你的比賽簡直就是一場策略大師課！讓我們慶祝這場巨大的勝利吧。
3481	看來你已經達到了最高牌技水平，現在所有牌桌都向你敞開大門！我從未懷疑過你。
3482	釣魚佬
3483	釣魚 <need> 次。
3484	釣魚大師
3485	釣 <need> 條魚。
3486	最強釣竿
3487	將釣竿升到最高階。
3488	魚兒藏家
3489	收集 <need>% 的魚類。
3490	秘密牌手
3491	參加秘密牌局 <need> 次。
3492	撲克冠軍
3493	贏得撲克錦標賽 <need> 次。
3494	在撲克遊戲中梭哈獲勝。
3495	秘密賭場
3496	色調
3497	自動
3498	有傳言稱，<comomo> 將在下一季度釋出一項革命性技術。
3499	有傳言說 <comomo> 計劃大舉進軍新的國際市場。
3500	<comomo> 公司下個月將出現鉅額虧損。
3501	<comomo> 公司下個月將獲得鉅額利潤。
3502	<comomo> 公司將面臨一些問題。
3503	<comomo> 公司即將崛起。
3504	<comomo> 報告稱，由於供應鏈意外中斷和運營成本上升，造成了重大損失。
3505	<comomo> 預計下月利潤將大幅增長，這主要得益於其新產品的強勁銷售。
3506	內部人士稱，<comomo> 面臨監管挑戰和潛在的法律問題。
3507	<comomo> 預計將透過新的合作伙伴關係和即將推出的產品實現強勁復甦。
3508	抱歉，出現錯誤，STONKS-9800 不得不關閉。
3509	你想將此錯誤和你的存檔作為錯誤報告提交嗎？
3510	已提交錯誤報告，謝謝！
3511	也許我們不應該操之過急。最好還是改天清醒的時候再討論這筆交易。
3512	交易在最後一刻告吹。
3513	你的存檔已損壞。
3514	請把它發到我的郵箱，這樣我就能幫到你。謝謝。
3515	大盲注
3516	小盲注
3517	這是根據你的收入和稅率估算出的本月底你需要繳納的稅款。
3518	蟲餌
3519	能吸引小魚。
3520	蜻蜓餌
3521	引誘大魚。
3522	團餌
3523	魚兒上鉤後掙扎的力度減小。
3524	蚯蚓餌
3525	淡水魚咬鉤更快，也吸引稀有魚類。
3526	蛆餌
3527	海水魚咬鉤更快，也吸引稀有魚類。
3528	魔法魚餌
3529	增加捕獲新品種的機會。
3530	公司的最低估價為 {minimum}。
3531	購買物品
3532	魚餌
3533	你想用這個魚餌嗎？
3534	這種魚餌將取代當前的魚餌。
3535	商店
3536	本月付款
3537	租金
3538	招商引資
3539	我們可以透過發行新股吸引投資，增加公司儲備。然而，這可能會稀釋股東的股份，並有可能降低股票價格。投資成功的可能性： <global.company_investors_koef>%。你想繼續嗎？
3540	<global.days_without_investments> 天后才可以吸引新的投資。
3541	我們成功吸引了大量投資，籌集到了 {new_money}。投資者熱情高漲，股價上漲了 <vidsotok_new>%。
3542	我們籌集到了 {new_money}，雖然股價出現了小幅下跌，但很快就穩定下來，並略有回升，跌幅僅為 <vidsotok_new>%。
3543	我們籌集到了 {new_money} 的投資，但股價下跌了 <vidsotok_new>%。投資者持謹慎態度，但並未過度擔憂。
3544	這一輪投資帶來了令人失望的 {new_money}。由於投資者擔心公司可能過度擴張，股票價格下跌了 <vidsotok_new>%。
3545	不幸的是，我們只籌集到了 {new_money}，公司內部出現問題的傳言引起了投資者的恐慌。股價暴跌了 <vidsotok_new>%。
3546	預期投資額
3547	由 <global.nametranslate> 翻譯
3548	如有 bug 或想討論請加 QQ 交流群 661436300。
3549	<num> 日
3550	<num> 日
3551	<num> 周
3552	<num> 周
3553	<num> 月
3554	<num> 月
3555	<num> 年
3556	<num> 年
3557	建議 <daysgone> 後再嘗試。
3558	我們已經在這樣做了
3559	<companname> 向投資者提供了一個季度的盈利預測。
3560	<companname> 預計，由於意外的市場低迷和運營挑戰，未來一季度的收入將大幅下降。
3561	<companname> 預計收入將略有下降，原因是銷售放緩和競爭加劇。
3562	<companname> 預計收入將略有增長，這得益於強勁的市場需求和成功的產品釋出。
3563	<companname> 預計收入將大幅增長，新的戰略合作伙伴關係和市場擴張將帶來重大收益。
3564	上一季度，<companname> 預測其收入將會增加。
3565	上一季度，<companname> 預測其收入將會下降。
3566	此後，公司收入增長了 <procentchange>%。
3567	此後，公司收入減少了 <procentchange>%。
3568	預測實現！
3569	預測未實現！
3570	好於預期！
3571	符合公司預測。
3572	差於預期。
3573	電路板
3574	一個嗡嗡作響的神秘科技部件，蘊藏著未知的力量。非常適合好奇心旺盛的技術愛好者！
3575	史萊姆貓
3576	一隻黏糊糊、可愛的史萊姆貓——別讓它溜走了！
3577	憂鬱蛙
3578	一隻圓圓的、眼神憂鬱的青蛙，它幼小而富有彈性的身體承載著一顆過於沉重的心。
3579	傻樂蛙
3580	一隻傻乎乎的綠色青蛙，它不太明白髮生了什麼，但無論如何都很開心！
3581	招財貓
3582	一隻招來好運的幸運貓——如果你能抓住它的話！
3583	布丁
3584	一種晃動得恰到好處的 Q 彈甜點。抓住它的時候儘量不要流口水！
3585	熊貓
3586	一隻毛茸茸的熊貓，有著最可愛的臉蛋，隨時都想抱抱。
3587	暴躁絨球
3588	這個脾氣暴躁的小毛球分不清自己是貓還是熊。但不管怎樣，它生氣的時候都可愛極了！
3589	可愛小雞
3590	一隻小小的、毛茸茸的小雞，歡快地啾啾叫。只是別太用力捏它！
3591	氣泡蘇打罐
3592	一罐充滿氣泡、令人興奮的蘇打水，隨時為任何贏家帶來清爽！
3593	汽水罐
3594	另一罐蘇打水，口味略有不同。
3595	可樂瓶
3596	一瓶經典的可樂，冰鎮得恰到好處，讓人回味那懷舊的一口。
3597	記事本	
3598	一個小記事本，用來記錄你在抓娃娃機上取得的勝利！
3599	量子力學與現實的本質
3600	一部內容深奧、發人深省的著作，揭開存在的奧秘。
3601	日記
3602	記錄下你最深處的想法——或者只是在玩抓娃娃機一天後的隨手塗鴉！
3603	聰明眼鏡
3604	戴上後能讓人立刻看起來聰明 50% 的眼鏡。
3605	鮮豔揹包
3606	裝滿了冒險。
3607	結束遊戲嗎？
3608	<pusk> - 花費 {price} 嘗試
3609	<pusk> 停止
3610	<pusk> 抓取
3611	在股東大會期間，公司聲譽提升速度加快 15%。
3612	成為媒體圈的寵兒，收到採訪邀請。
3613	更頻繁地接到行業頂尖人物的電話和郊遊邀請。
3614	增強你的演講對聲譽和公司影響力的作用。
3615	你的股票交易現在對公司股價有更大影響。
3616	貸款增至 {cred_sum}，利率為 <cred_vidsotok>%，存款利息為 <dep0>-<dep2>%，保險費用降低 <strah>%。
3617	在寺廟捐贈可以減輕壓力，提升幸福感。
3618	與艾米約會時，友誼增長更快。
3619	公司內部的薪資要求降低 20%。
3620	與艾米交談時，友誼會變得更牢固。
3621	公眾聲譽損失減少 1 點；即聲譽下降 1 點沒有影響。
3622	友誼等級每提升 1 級可額外獲得 1 分。
3623	進入秘密撲克遊戲的許可權。
3624	友誼等級不會低於 10。
3625	友誼等級每提升 1 級可額外獲得 3 分。
3626	友誼等級不會低於 25。
3627	獲得在證券交易所進行做空的資格。
3628	你每天可以多購買 25% 的股票。
3629	你將有機會在首次公開募股時購買更多股票。
3630	你可以獲得公開市場上沒有的額外股票。
3631	買入和做空的佣金費用始終固定為 1%。
3632	捐贈可能會略微增加你的幸福感。
3633	捐贈可能會略微減輕你的壓力。
3634	你可以建立自己的慈善基金會。
3635	增加你在針對你的法律案件中獲勝的機會。
3636	每天有機率增加 1 點幸福感。機率隨著你的慈善事業的規模提高。
3637	成功投資的利潤增加 20%。
3638	投資失敗的機率降低 10%。
3639	能夠建立自己的研究中心，從而可以進行更多的投資專案。
3640	更大的投資專案。
3641	投資回報速度加快 30%。
3642	嘿！從通訊錄裡找到了你的號碼。大家都說你是個大人物。想見面嗎？或許聊聊股票？告訴我你的想法。
3643	你好。在商業名錄中找到了你的號碼。你的成就令人印象深刻。我們可以見面談談策略嗎？
3644	喲！從朋友那裡得到了你的號碼。聽說你乾得很棒！一起喝一杯，聊聊生意吧！
3645	我透過共同的聯絡人獲得了你的號碼。我們安排一次會面吧——時間寶貴。
3646	嗨……希望沒打擾到你。我從一個聯絡人那裡得到了你的號碼。我們什麼時候可以聊聊嗎？
3647	我在商業名錄中找到了你的號碼。你看起來很有能力。我們可以討論一下……如果你有時間的話。
3648	嘿~從一個說你是明星的人那裡得到了你的號碼。我們見面聊聊吧！
3649	你的名聲在外。我透過我的人脈獲得了你的號碼。我們安排一次會面好嗎？
3650	你想給寺廟捐多少錢？
3651	不捐
3652	新年
3653	成人日
3654	建國紀念日
3655	天皇誕辰
3656	綠之日
3657	春分日
3658	秋分日
3659	憲法紀念日
3660	海之日
3661	敬老日
3662	昭和日
3663	體育日
3664	文化日
3665	勞動感恩日
3666	重要事件
3667	庭審
3668	黑幫活動
3669	<comp_rumor> 現在無處不在，他們的股票也漲瘋了。但老實說，感覺有點太燙手了。也許再觀望一下。
3670	<comp_rumor> 的名聲確實不太好。不過，我聽說有人說他們可能有什麼新動向。或許值得冒點小風險。
3671	<comp_rumor> 幹得不錯——利潤滾滾而來。看起來他們正處於連勝之中。
3672	<comp_rumor> 正在遭受嚴重虧損。現在可能不是介入的好時機。
3673	幾杯酒下肚後， 開始分享最新的傳言。
3674	哦……這是你——的公司啊。
3675	<humanrandom_name> 想在你的公司工作
3676	物品
3677	禮物
3678	你的善行沒有被忽視。光輝救世主看到了你靈魂的純潔和你的慈悲之舉。
3679	成功會消逝，但善行永存。你的善行會在最終法庭上閃耀嗎？
3680	光輝救世主提供了一條通往偉大的道路。你做好追隨的覺悟了嗎？
3681	法庭會關愛有價值的人。你的行動已被注意到——你會向前一步嗎？
3682	加入終末之光法庭。光輝救世主會在此賜予成功，並在彼岸賜予和平。你願意接受嗎？
3683	侍奉光明。
3684	光輝救世主歡迎你。追隨光明——你的旅程即將開始。
3685	關於終末之光法庭的報道浮出水面，這是一個聲稱追隨光輝救世主的神秘組織。他們以招募慈善家而聞名，並承諾帶來繁榮和啟蒙。批評者對潛在的操縱表示擔憂，但尚未證實有任何非法活動。
3686	終末之光法庭
3687	一名調查終末之光法庭的記者失蹤了。官員稱沒有可疑的謀殺行為，但此案引人注目。
3688	對終末之光法庭的調查揭示了其與有影響力人物的聯絡，引發了對其日益擴大的影響範圍和保密性的擔憂。
3689	你要送 <gift_name> 給 <global.fullname_gift> 嗎？
3690	包裹已傳送！
3691	郵局
3692	哦，呃，謝謝！沒想到……還挺酷的。
3693	哇！太棒了——感覺你很瞭解我。謝謝！
3694	不會吧！你真的把這個送給我了？我……我都說不出話了。謝謝你！
3695	謝謝你。這……出乎意料。有趣的選擇。
3696	這非常周到。我很感激——謝謝你。
3697	太棒了。你選的東西非常完美。我真心珍視這份禮物。謝謝。
3698	嘿！收到禮物了——很棒！多謝！
3699	哦，你太懂我了！這太棒了。我欠你一個人情！
3700	哇！太完美了！你真會給人驚喜。謝了，哥們！
3701	謝謝你。那真是個體貼的舉動。
3702	令人印象深刻的禮物。我欣賞你對細節的關注。
3703	非凡的選擇。你超越了自己——謝謝。
3704	哦……謝謝你。你真是太好了。
3705	哇，這個好可愛！非常感謝！
3706	我……我真不敢相信。這對我意義重大。謝謝你！
3707	謝謝你。這……我很感激。
3708	你選得很好。我得承認，我很驚喜。謝謝你。
3709	我沒想到你會這麼體貼。非常感謝。
3710	哦~你真貼心！謝謝你！
3711	哎呀~你真懂得如何對待女士。我太喜歡了！
3712	天哪……這太精緻了。你把我寵壞了~謝謝你！
3713	謝謝你。你考慮得非常周到。
3714	你選得太完美了。我真心感激——謝謝你。
3715	一份非凡的禮物。你總能給人驚喜。謝謝你。
3716	你不知道這個人的地址。
3717	贈送禮物
3718	貝塔兔
3719	一款稀有且難以捉摸的收藏版吉祥物，帶有旋轉的、永恆的魅力。
3720	UFO 宇宙之爪
3721	一臺直接來自宇宙的頂級抓娃娃機！
3722	投資中心
3723	風險
3724	最小
3725	低
3726	高
3727	極大
3728	投資成本
3729	完成時間
3730	潛在利潤
3731	新辦公桌系列
3732	家電商店擴張
3733	行動式收音機零售店
3734	燈泡製造
3735	大眾向計算器
3736	塑膠雨傘產品線
3737	經濟型磁帶錄音機
3738	保溫辦公杯
3739	口袋風扇
3740	燈具系列
3741	彩色電視出口
3742	速食杯麵
3743	平價電飯煲
3744	磁帶播放器系列
3745	緊湊型鬧鐘
3746	個人袖珍尋呼機
3747	口袋菸灰缸
3748	行動式電飯煲
3749	家用錄影機
3750	家用傳真機
3751	鐳射光碟播放器
3752	電子麻將套裝
3753	自加熱飯盒
3754	基礎型機械臂
3755	微波爐
3756	緊湊型家用電腦
3757	富商專用車型系列
3758	街機
3759	豪華吸塵器
3760	噴氣式火車原型
3761	衛星電視接收器
3762	高速傳真網路
3763	等身抱枕工廠
3764	個人文字處理器
3765	音響系統
3766	自動滑門
3767	驅鴿帽
3768	販賣自動售貨機的自動售貨機
3769	私人太空梭
3770	金色彈珠
3771	海底隧道建設
3772	國產飛艇
3773	月面放送技術
3774	迷你卡拉 OK 亭
3775	貓用鬧鐘
3776	一次性西裝
3777	靜音彈珠機
3778	啊，你是金融界的知名人士！所以我知道你一定會喜歡這個機會。新日電子即將推出革命性的產品，我有渠道獲得 IPO 前的股票。1000 股僅需 {money_need}！憑藉你的專業知識，你知道這樣的交易不常有。你覺得怎麼樣？
3779	明智的選擇！你不會後悔的。讓我來完成檔案手續……這是你的股票。把這看作你下一個巨大成功的開始吧！
3780	金融區充斥著關於新日電子的傳言，這家神秘公司據稱即將徹底改變科技行業。任何有幸持有這家難以捉摸公司股票的人都被譽為有遠見的投資者。
3781	新日電子超出了所有預期，推出了顛覆行業的突破性產品。在歷史性的 IPO 之後，公司股價飆升，早期投資者現在賺得盆滿缽滿。少數敢於冒險的幸運兒被譽為有遠見的人。
3782	進行中
3783	真相大白——新日電子只不過是一個精心策劃的騙局。假辦公室、偽造檔案和空頭承諾讓投資者震驚不已，公司在IPO前就倒閉了。當局正在調查，但許多人擔心他們的錢永遠拿不回來了。
3784	我們的神聖集會每年舉行兩次——分別在 [highlight]2 月 18 日[/colour] 和 [highlight]8 月 18 日[/colour]。請準備好見證光輝救世主的指引。
3785	今天是終末之光法庭的集會日。
3786	集會已開始。
3787	我到底在這裡做什麼？這些人看起來如此自信……我真的應該相信他們嗎？
3788	這很奇怪，但這一切中有些東西很吸引人。也許比我想象的要複雜。
3789	我現在明白了——光輝救世主確實指明瞭一條道路。我需要證明自己配得上這道光。
3790	現在我說話時他們會聽了。這不僅僅是信仰——這是力量。我可以利用它來實現更多目標。
3791	這次集會由我來引導。透過光輝救世主，我將帶領他們所有人走向繁榮和啟蒙。
3792	我未能見到光輝救世主。
3793	我看到了光輝救世主的演講，深受啟發。
3794	我與光輝救世主親自交談過。
3795	這次你願意奉獻多少，以推進光輝救世主的願景？每一份貢獻都會增強光明，並確保所有追隨這條道路的人都能繁榮昌盛。
3796	吟誦聲充滿了大廳，每個聲音都匯聚成一個單一、洪亮的共鳴。感覺……勢不可擋，幾乎令人催眠。
3797	一名男子走上前分享他的成功故事——他聲稱光輝救世主指引他將財富翻了一番。這會是真的嗎？
3798	他們今天揭開了一件奇怪的聖物。它的光芒看起來很不自然，但每個人都敬畏地凝視著它。
3799	其中一位成員因其慷慨而被特別表揚。掌聲雷動。
3800	他們談到一個預言——一個信徒將凌駕於所有人之上的時代。這既令人振奮又令人恐懼。
3801	今晚的儀式火焰比以往任何時候都燃燒得更旺。他們說這是光輝救世主認可的標誌。
3802	我注意到有人在陰影中竊竊私語，與一位長者交換著什麼。感覺……不太對勁。
3803	集會結束。
3804	先驅們預見到 <company_name> 將有光明的前景。他們的崛起指日可待——投資者將分享他們的成功。
3805	先驅們發出警告：<company_name> 正處於毀滅的邊緣。迅速行動以保護你的財富。
3806	先驅們報告：我們目前的影響力水平——<influence_level>
3807	無進行中的投資
3808	當前投資
3809	<time_left> 後揭曉
3810	投資中心
3811	投資
3812	如果我們建立一個投資中心，就能同時管理多個專案。
3813	但首先，我們需要在處理投資方面積累一些經驗。
3814	建造投資中心將花費 {price_build}。
3815	您想現在就建造嗎？
3816	投資中心建設
3817	我會處理好一切。建設大約需要 2 個月。
3818	我們的投資中心建成了！現在您可以同時投資多個專案了。
3819	<building> 正在建設中。
3820	提供	
3821	成功機率：	
3822	要求金額
3823	承諾回報：#{profit_money} (x<factor>) <time_left> 以內
3824	您想向 <project_name> 專案投資 {project_price} 嗎？
3825	可供投資的專案
3826	接下來的結果
3827	可以建立一個投資中心
3828	請在約 <time_left> 後回來檢視。
3829	您的投資聲譽太低。
3830	我們已成功擴充套件了我們的投資中心，現在您可以同時管理更多專案。
3831	擴張
3832	在 UFO 宇宙之爪中找到神秘的稀有玩具。
3833	聖人
3834	向寺廟捐贈 {need}。
3835	遠見卓識
3836	建立您自己的投資中心。
3837	將投資中心擴充套件到最大。
3838	壟斷
3839	持有市場上每家公司的控股權。
3840	聖誕老人
3841	向朋友傳送 <need> 份禮物。
3842	只有少數人聽說過我們。
3843	我們有一些忠實成員，但沒有顯著的公眾影響力。
3844	我們的名字開始在一些社群流傳，儘管大多數人不知道我們是誰。
3845	我們地區有更多人注意到我們，但看法仍然褒貶不一或持懷疑態度。
3846	偶爾的媒體報道會激起我們核心圈子外的好奇心。
3847	全國大多數人至少都聽說過我們的名字；我們是人們談論的話題。
3848	我們在商界、媒體或政界擁有重要支持者，這提升了我們的形象。
3849	我們在多個地區都有組織，並積極影響公眾輿論。
3850	我們的運動可以在國家層面影響政策、公眾輿論和重大決策。
3851	我們（直接或間接）控制著國家的主要機構和發展方向。
3852	終末之光法庭以您的名義組織了一場慈善活動，為災民提供援助。媒體讚揚了您的慷慨，提升了您的公眾形象。
3853	本週，一個以您的名義透過法庭資助的醫院翼樓啟用，為您贏得了廣泛的感謝和欽佩。
3854	要求您配合一項正在進行的關於終末之光法庭的調查。我們知道您是這個教派的成員。請告訴我們您所知道的一切，否則您可能會有麻煩。
3855	感謝您的合作。
3856	一位知名商界人士出面提供了揭露終末之光法庭秘密的資訊。據說當局即將全面揭露該組織的活動範圍。
3857	背叛是吞噬最耀眼光芒的陰影。光輝救世主洞察一切。
3858	我們一直很信任您。但您的行為給法庭以及所有相信您的人帶來了恥辱。
3859	你就當自己被流放了吧。你現在對我們來說什麼都不是。
3860	你背棄了光明。希望黑暗能好好待你。
3861	與終末之光法庭有關的匿名訊息來源聲稱，您在作為成員期間侵吞了資金。公眾對您業務的信任度急劇下降。
3862	作為法庭成員，您可以享受專屬房地產交易——僅限本月底之前。不要錯過這個機會。
3863	你會後悔的。
3864	光輝救世主因您的忠誠而微笑。您證明了對光明的信仰，法庭不會忘記這一點。
3865	謝意已存入您的賬戶。
3866	董事會成員薪資
3867	執行長薪資
3868	完美畫素
3869	部分地
3870	您已持有 <name_of_company> 的控股權，因此他們無法拒絕該提議。
3871	黃金
3872	白銀
3873	原油
3874	煤炭
3875	銅
3876	鋁
3877	每盎司
3878	每桶
3879	每噸
3880	美元兌日元匯率
3881	大宗商品
3882	大宗商品交易
3883	您可以投資大宗商品，大宗商品比股票[highlight]更穩定[/colour]，並且在股價下跌的[highlight]危機期間可以增值[/colour]。許多投資者在市場有風險時購買大宗商品以保護他們的資金。
3884	與股票不同，出售大宗商品時[highlight]您無需繳稅[/colour]，因為它被視為一種貨幣形式與另一種貨幣形式的交換，使其成為一種明智的財富儲存方式。
3885	大宗商品
3886	持有
3887	價格
3888	為了穩定經濟，日本央行大幅增加了黃金儲備。突如其來的需求導致黃金價格飆升。
3889	消費電子產品和半導體產量的激增導致對白銀和銅的需求急劇增加。由於製造商爭相採購材料，價格隨之上漲。
3890	主要產油國緊張局勢加劇和減產導致原油價格飆升。分析師警告稱，如果局勢惡化，油價可能進一步上漲。
3891	一個比預期更冷的冬天將煤炭需求推至歷史新高，因為發電廠難以滿足能源需求。由於供應緊張，煤炭價格飆升。
3892	發現了一個巨大的新金礦，大量新供應湧入市場。由於投資者預計長期價值會降低，金價下跌。
3893	電子行業的衰退導致白銀和銅價大幅下跌。由於消費需求疲軟，工廠報告產量減少。
3894	新發現的一個油田有望增加全球供應。隨著市場調整，原油價格大幅下跌。
3895	日本對核能依賴的增加導致煤炭消耗量大幅下降。隨著發電廠逐步淘汰煤炭使用，煤炭價格下滑。
3896	主要鋁出口國之間日益緊張的關係導致了關稅和限制，限制了全球供應並推高了價格。
3897	世界最大的鋁生產國之一取消了出口限制，導致市場供應過剩，價格下降。
3898	天皇區
3899	權力與聲望的核心。只有億萬富翁、政客和一流投資家才能在這裡購置土地。
3900	只有王者才能在此擁有寶座。
3901	黃金區
3902	豪華交易和大型企業的中心。東京精英們在此鑄就財富。
3903	熠熠生輝之地。
3904	白銀區
3905	專業人士和新興企業家的穩定投資選擇。
3906	未來大亨的基石。
3907	青銅郊區
3908	價格實惠的區域，具有增長和未來發展的空間。
3909	耐心孕育利潤之地。
3910	暗影街區
3911	東京偏遠地區最便宜的房地產。
3912	高風險，高回報——如果你能活下來。
3913	上流階層
3914	中產階層
3915	下層中產
3916	下層階層
3917	小太陽
3918	無盡冰雪世界中希望與溫暖的象徵。
3919	所有地區
3920	該區域沒有適合您的房產。
3921	這是您每月將從租賃中收到的金額。如果您不住在裡面，該房產會自動出租。
3922	全部購買
3923	零售店
3924	大型
3925	大規模
3926	級別
3927	購物中心
3928	彈珠機店
3929	遊戲廳
3930	工廠
3931	農場
3932	便利店
3933	小型單元
3934	商業場所
3935	商業綜合體
3936	商務大廈
3937	大型廣場
3938	售貨亭
3939	工作室
3940	倉庫
3941	超市
3942	印刷廠
3943	製造廠
3944	住宅
3945	投資
3946	您想向此房產投資 {price_upgrade} 以增加其盈利能力嗎？
3947	房產投資
3948	每月都會出現更多房地產報價。
3949	解鎖商業地產和白銀區房產。
3950	解鎖黃金區房產。
3951	解鎖天皇區房產。
3952	最高等級
3953	再投資這筆房產已經沒有意義了。
3954	持有房產
3955	持有住宅
3956	持有商業地產
3957	地域
3958	整體影響力
3959	頭髮
3960	眼睛
3961	嘴巴
3962	鼻子
3963	男性
3964	女性
3965	獨特
3966	雞蛋不要放在同一個籃子裡
3967	透過持有 {need} 宗商品來實現多樣化。
3968	公司收購
3969	收購另一家公司並將其變為己有。
3970	泡沫經濟
3971	將您在東京房地產市場的影響力提升至 <need>%。
3972	我買得起
3973	一天內購買 10 處房產。
3974	好日子還在後頭呢
3975	投資商業房地產開發 <need> 次。
3976	賽馬場
3977	外出
3978	您只能在週末外出。
3979	您需要自己的車才能開車去市中心。
3980	您想去市中心放鬆一下，找點樂子嗎？
3981	我可以檢視您朋友的日程安排並邀請某人加入您。
3982	如果您不介意的話，我也可以陪您……
3983	<companynm>，這家曾經吸引大量投資者資金的新星公司，由於費用飆升和虧損加劇，已宣佈大規模裁員。
3984	隨著外國投資者將資本投入日本市場，日元走強，增強了對長期增長的信心。
3985	日本央行政策的意外轉變引發樂觀情緒，推動日元升至數月來最高水平。
3986	由於對海外不穩定的擔憂加劇，全球對避險貨幣的需求推動日元上漲。
3987	日本央行公佈大規模刺激計劃後，日元下跌，引發通脹擔憂。
3988	日本不斷擴大的貿易逆差給日元帶來壓力，進口商警告成本上升。
3989	投資者對國內改革的不確定性導致資本外流，削弱了日元在全球市場的地位。
3990	歡迎使用 STONKS-9800 電子交易系統。
3991	該系統授予認證個人即時交易、資產管理和實驗性市場分析的許可權。
3992	進入市場前，請完成交易員註冊。
3993	步驟
3994	個人資訊
3995	名字
3996	姓氏
3997	照片
3998	頭部
3999	身體
4000	特質
4001	龍
4002	鷹
4003	富
4004	信
4005	劍
4006	光
4007	影
4008	道
4009	狐
4010	風
4011	金
4012	貓
4013	犬
4014	兔
4015	雞
4016	魚
4017	蝸牛
4018	糰子
4019	鸚鵡
4020	企業之友
4021	你在高層有朋友。
4022	高管朋友
4023	社交達人
4024	人們都喜歡你，但也許你本該研究市場而不是參加派對。
4025	朋友
4026	賭徒
4027	你玩彈珠機運氣不錯。市場呢？我們拭目以待。
4028	金湯匙
4029	你生活優渥，思慮較少。市場這東西……很難。
4030	大別墅
4031	絕對商人
4032	錢要生錢！只要股票。
4033	所有現金都投入股票，只留最多 {money_amount}
4034	書呆子
4035	你學習過，很努力。所以現在你迴避人群。
4036	當地名人
4037	人們都認識你的臉。一個壞謠言就能讓你完蛋。
4038	公眾形象下降會大幅增加壓力。
4039	酒鬼
4040	壓力來得快去得快。下一輪酒也一樣。
4041	去酒吧能減輕更多壓力
4042	僧侶出身
4043	你能在混亂中保持平靜，但沒有多少錢可以花。
4044	壓力上升更慢
4045	壓力上升更快
4046	債務人
4047	開局擁有大量現金……以及更多的債務。
4048	節儉
4049	你生活簡樸。
4050	無家可歸
4051	你沒有家，但是有錢。
4052	沒有房屋
4053	舒適度不會低於 15%
4054	每月利潤
4055	你有一隻貓。它很貴，但它值得。
4056	貓有時有助於減輕壓力。
4057	兩肋插刀
4058	你身邊有一個奇怪但忠誠的朋友。
4059	特別的朋友
4060	黑白兩道
4061	他們會支援你。但要付出代價。
4062	可聯絡黑幫
4063	司機
4064	你有一輛破舊的老爺車，但它還能開。
4065	你創辦了自己的小公司。何必等待？
4066	從第一天起就擁有一家中小企業。
4067	頁
4068	生日
4069	郵票
4070	邊框
4071	所有細節都正確嗎？
4072	東京證券交易所
4073	完成
4074	友誼增長得更快
4075	算命先生
4076	你有時能預見未來。或許只是看了太多幸運餅乾的籤語？
4077	偶爾會感應預言
4078	預言
4079	今日的占卜：
4080	狗
4081	你兒時的朋友。忠誠到底，但從一開始就不走運。
4082	你摸了摸你的貓，這有助於緩解你的壓力。
4083	貓在你公文包旁邊留下了一隻死掉的蟬。你感到一種奇怪的榮幸。
4084	你醒來時發現貓靜靜地看著你，好像一直在等你感覺好轉。
4085	你注意到貓抱著你的一隻襪子睡著了，這比預想的更讓你感到溫暖。
4086	今天貓在公寓裡悄悄地跟著你，從不喵喵叫，只是待在那裡。
4087	貓蜷縮在你的腿上，咕嚕了很久——不知怎的，這就是你今天所需要的一切。
4088	貓
4089	他們因為我試圖賣襪子把我從上一個酒吧趕了出來。真正的襪子。
4090	這個地方的冰塊最棒。我現在都用冰塊來評價酒吧了。
4091	你覺得如果我在這裡穿西裝，他們最終會尊重我嗎？
4092	我其實是為音樂而來這裡的。還有免費的花生。
4093	這有點太私人了，朋友……也許下次吧，嗯？
4094	今天我們輕鬆點吧。我不想去那裡。
4095	還記得我試圖在我們學校的儲物櫃裡開章魚燒攤嗎？那是我遠大的夢想。
4096	我差點娶了一個橫濱的女孩，結果她已經結婚了，兩次。
4097	我鄰居教我怎麼撬鎖。不是為了犯罪——他只是老丟鑰匙。
4098	今晚不行。我的胃還沒緩過來。
4099	當然，但如果我們再遇到我原先的老闆，你來說話。
4100	當然。我本來也打算一個人去——很高興現在看起來不那麼可憐了。
4101	如果市場崩盤，我還有我的硬幣罐。那才是真正的價值。
4102	我讀到有些交易員在做決定前會看月亮。老實說，我懂。
4103	有時我買股票只是因為我喜歡那個名字。那是……有效的策略，對吧？
4104	我還是不明白做空交易。當人們提到它們時，我只是點頭。
4105	你知道什麼股票從不跌嗎？泡麵。想想吧。
4106	你是我最好的兄弟，但也許……別每小時都打電話了？
4107	我正在處理一件可能會爆炸的事情。字面意思。
4108	嘿，老闆！今天看起來很精神。有什麼需要修改、簽署或不小心刪除的嗎？
4109	調任？只要不是“倉庫管理員”，我都行。
4110	獎金？給我的？哇！
4111	等等……你是認真的嗎？你要解僱我？
4112	嗯……謝謝你所做的一切，老闆。我會最想念免費咖啡的。
4113	哦，謝天謝地。我已經開始打包我的手辦了。
4114	是的，是的，我搞砸了。我會解決的。別往心裡去，老闆。
4115	哇。沒想到你會這樣。不過好吧。隨便。
4116	假期？！我不會浪費的。我會專業地躺平。
4117	培訓，嗯？有考試嗎？我最擅長猜選擇題了。
4118	唉，好吧。我只能拿著簡歷去巷子裡哭了。
4119	是的！你不會後悔的。大概吧。嗯，我們走著瞧！
4120	別再給我打電話了。
4121	現在很忙。除非是關於免費的晚餐，否則晚點再打給我。
4122	小橋先生目前不在。請嘗試直接聯絡他。
4123	喲！你打電話的時間太完美了。我剛拔掉了一個重要的插頭。
4124	我的踏板車撞了別人停著的豐田車。你能借我 {money_need} 修車嗎？
4125	嘿，我這個月房租還差 {money_need}。你能幫我墊一下嗎？我發誓這是最後一次了，也許吧。
4126	我犯了個錯誤。我以為我搞懂了彈珠機。我現在輸了 {money_need}。你能幫我解圍嗎？
4127	聽著，你一直都很支援我。這是我存下的 {money_give}。這是我為不時之需存的錢，但為了你，我什麼都捨得！
4128	嘿！聽說你手頭緊。算你運氣好，我表弟需要一個可靠的人——只是文書工作，沒什麼亂七八糟的。工作為期 <global.nedeli> 周。#僅限週一到週三，每週三天，工資是 {global.platapodrabotka}。#記住，這些天你不能交易——但相信我，這很值得！
4129	你壓力很大，我看得出來。我們去吃烤肉吧——我請客！
4130	嘿，還記得你那些……黑幫的麻煩嗎？別問我怎麼做到的，但我已經處理好了。看來我也有自己的驚喜，嗯？
4131	小遊戲
4132	商業
4133	金融
4134	資產
4135	社交
4136	休閒
4137	故事
4138	要解鎖它，您需要達到一個成就：
4139	您有 <pachinkoballs> 個彈珠
4140	你想在這裡玩嗎？
4141	沒有 <balls>，你不能在這裡玩。
4142	根據現行規定，為防止賭博成癮，禁止一次性購買超過 50 個彈珠。
4143	知道如何以更高的價格出售彈珠。
4144	你不能擅自離開這家公司。
4145	有些成就將無法實現。
4146	開始比賽
4147	您的賭注
4148	神秘人
4149	與義郎交易 <need> 次。
4150	如龍
4151	與黑幫做生意
4152	隨機
4153	全部賣出
4154	運氣					
4155	大				
4156	小				
4157	沒有運氣					
4158	<companyname> 已批准 <size>:1 的拆股，以提高流動性並吸引投資者。
4159	基於強勁的市場表現，<companyname> 決定實施 <size>:1 的拆股。
4160	<companyname> 股票將按 <size>:1 進行拆分。交易將持續正常進行。
4161	由於需求疲軟，<companyname> 實施 1:<size> 的並股。
4162	由於股價下跌，<companyname> 以 1:<size> 的比例合併股份。
4163	董事會批准對 <companyname> 實施 1:<size> 的並股，以穩定股價。
4164	隨著交易量增加，市場表現出樂觀反應。
4165	股票遭遇拋售壓力，投資者表現出擔憂情緒。
4166	透過並股操作，<companyname> 得以繼續在交易所上市。
4167	您的持股數量已增加至原來的 <size> 倍。每股價格相應降低，但您的總投資價值保持不變。
4168	您的持股數量已減少至原來的 1/<size>。 每股價格相應提高，但總投資價值保持不變。
4169	這是上市公司 <company_project_name> 的一個專案。其表現可能會影響公司的股價和盈利。
4170	這事已經不是錢能解決的了。					
4171	工廠，機器，車輛，以及像道路或鐵路這樣的大型基礎設施專案。
4172	電子裝置，計算機，小裝置，還有所有帶有電路和螢幕的產品。
4173	藥物生產，醫療用品和化學實驗室。		
4174	銀行，投資，辦公場所和商業服務。
4175	農業，漁業，食品加工，以及日常用品——從稻田到杯麵。
4176	街機廳，彈珠廳，漫畫，電視，俱樂部，還有其他城市裡好玩的東西。			
4177	煤炭, 石油, 發電廠，以及所有維持燈光亮起的東西。
4178	手機，電視節目，訊號網路——一切連線並帶來娛樂的事物。
4179	城市酒店						
4180	辦公大樓					
4181	電子車間						
4182	有線網路						
4183	裝配廠						
4184	咖啡廳						
4185	道路建設					
4186	漫畫店					
4187	電視演播室					
4188	夜店						
4189	購物商場					
4190	感冒藥						
4191	維生素生產線						
4192	藥丸廠					
4193	醫療倉庫						
4194	研究實驗室						
4195	糖漿灌裝					
4196	止痛藥生產線					
4197	草藥研究室						
4198	解悶藥					
4199	解酒藥						
4200	安慰劑增強版						
4201	草藥烘乾機					
4202	加工廠						
4203	銀行分行					
4204	薪資辦公室					
4205	信用合作社						
4206	貸款機構				
4207	交易室						
4208	快錢						
4209	債券辦公室				
4210	稅務顧問					
4211	保險箱						
4212	小額貸款櫃檯					
4213	便攜儲蓄盒					
4214	貨幣核對					
4215	稅務局					
4216	硬幣分類						
4217	壟斷顧問						
4218	燃氣廠						
4219	柴油廠
4220	變電站					
4221	油泵						
4222	貯煤場						
4223	電力線路					
4224	燃料運輸車					
4225	備用發電機						
4226	永恆火焰					
4227	靜音發電機						
4228	加油站						
4229	煤炭發電廠						
4230	燃氣輪機					
4231	核能發電廠						
4232	電池單元						
4233	水電站						
4234	茶園						
4235	漁港					
4236	海帶烘乾機						
4237	果園						
4238	豆腐工廠					
4239	零食工廠						
4240	稻田						
4241	廣播塔						
4242	電話線路						
4243	電視演播室						
4244	展示區						
4245	廣播間						
4246	電視劇頻道						
4247	深夜秀					
4248	舞蹈比賽						
4249	相親節目					
4250	偶像選拔					
4251	才藝秀					
4252	熱線電話						
4253	廣播劇					
4254	電臺諮詢						
4255	電臺混音						
4256	我有一個奇怪的方法，或許派的上用場？	тип 0					
4257	想讓我稍微調整一下建設計劃嗎？我有個主意。						
4258	我在餐巾紙上簡化了個計劃，想試試看嗎？					
4259	如果你能接受回報不高，我可以讓它非常穩定。	тип 1					
4260	我可以最佳化內部邏輯。					
4261	這將會完成得更快，也更安全。						
4262	相信我，我能讓它火起來。如果是真的就不得了了。	тип 2					
4263	我認識一個電臺那邊的人。想不想弄點動靜？					
4264	要不我幫你把這事搞上本地電視？我朋友可以幫忙做個宣傳。						
4265	不用謝我，跟著我做就行。	тип 3					
4266	我們可以把每個細節打磨得完美，絕不走任何捷徑。						
4267	質量勝於速度。					
4268	我……我覺得我們應該再仔細檢查一遍……？	тип 4					
4269	我儘量不把它搞砸……						
4270	我可以保持流程穩定……如果你需要的話。						
4271	資料表明我們要大膽點。你在聽嗎？	тип 5					
4272	如果我是你，我會冒險爭取更高回報。					
4273	如果你讓我來處理，我可以減少那些愚蠢的錯誤。						
4274	想讓它看起來超讚？讓我來幫你推廣一下！	тип 6					
4275	我會找一位重要人物。你能接受少點分成，對吧？						
4276	我能幫你拉幾個支持者，沒問題。					
4277	這如果成了，所有人都會知道你的名字。	тип 7					
4278	讓我們突破極限。這將在行業產生重大影響。						
4279	穩妥的勝利得不到關注。我們把目標定高點。					
4280	期望				
4281	破壞				
4282	追加投資					
4283	專案資訊					
4284	你想花 {_price} 調整這筆投資嗎？機會僅限一次。						
4285	距離回報天數						
4286	盈利潛力						
4287	市場反應					
4288	“熱心”的聯絡人可能會讓情況更糟，請謹慎使用。					
4289	你已無法再影響這筆投資。
